name,class,introduction,learner_number,description,path,difficulty,duration,comprehensive_score,evaluation_number,utility_score,concise_score,logic_score,当前链接,上级链接,下载时间
Python数据预处理（二）- 清洗文本数据,Python自然语言处理,教会你使用Python数据预处理,5856,本课介绍数据预处理过程体系，包括数据类型与采集、文本转化与抽取、数据集成与规约、中文分词、数据清洗、特征提取与变换、特征向量化、特征降维、特征选择、可视化、词典模型、TF-IDF向量模型、主题模型等。,课程\后端开发\Python\Python数据预处理（二）-清洗文本数据,中级," 3小时47分",8.43,11,9.5,8.0,7.8,http://www.imooc.com/learn/1122,http://www.imooc.com/course/list?page=4,2020-05-21 16:14:04
VSCode入门,前端工具,学习前端开发工具VSCode的基本使用方法。,27356,本课程，面向0基础的小白用户，学习一个功能强大、操作简单的前端编程工具，学会本课程你将不再担心编辑器的配置与使用，轻松学习编程。,课程\前端开发\前端工具\VSCode入门,入门," 1小时32分",9.60,68,9.6,9.7,9.5,http://www.imooc.com/learn/1106,http://www.imooc.com/course/list?page=5,2020-05-21 16:14:05
初识HTML(5)+CSS(3)-2020升级版,HTML/CSS,HTML(5)+CSS(3)基础教程8小时带领大家步步深入学习标签用法和意义,1124381,2020升级版来了，课程将持续更新....本课程从最基本的概念开始讲起，步步深入，带领大家学习HTML(5)、CSS(3)样式基础知识，了解各种常用标签的意义以及基本用法，后半部分教程主要讲解CSS(3)样式代码添加，为后面的案例课程打下基础。,课程\前端开发\HTML/CSS\初识HTML(5)+CSS(3)-2020升级版,入门," 9小时18分",9.50,9343,9.8,9.5,9.2,http://www.imooc.com/learn/9,http://www.imooc.com/course/list?page=1,2020-05-21 16:14:05
我的云音乐（一）,Android,"高仿网易云音乐，从零开始开发一款专属自己的音乐APP。
",12359,不仅能学到自定义控件、第三方框架、Realm数据库等知识点，最终还能完成一个炫酷的音乐APP。,课程\移动开发\Android\我的云音乐（一）,中级," 3小时 0分",9.63,14,9.3,9.6,10.0,http://www.imooc.com/learn/1104,http://www.imooc.com/course/list?page=5,2020-05-21 16:14:06
Android多种方式实现流式布局,Android,本课程将带大家通过自定义FlowLayout等方式实现Android中的流式布局。,2864,课程不仅详细介绍了自定义ViewGroup开发的详细步骤，还会教会大家如何利用通用方案优雅的解决复杂问题。课程最后会手把手带大家利用自定义的TagFlowLayout实现标签的单选多选效果。,课程\移动开发\Android\Android多种方式实现流式布局,中级," 2小时26分",9.40,9,10.0,9.1,9.1,http://www.imooc.com/learn/1141,http://www.imooc.com/course/list?page=4,2020-05-21 16:14:06
Java入门第一季,Java,本教程从Java环境搭建、工具使用、基础语法开始，带你入门,1068145,本教程为Java入门第一季，欢迎来到精彩的Java编程世界！Java语言已经成为当前软件开发行业中主流的开发语言。本教程将介绍Java环境搭建、工具使用、基础语法。带领大家一步一步的踏入Java达人殿堂！Let’sgo!,课程\后端开发\Java\Java入门第一季,入门," 5小时 0分",9.57,5954,9.8,9.5,9.4,http://www.imooc.com/learn/85,http://www.imooc.com/course/list?page=1,2020-05-21 16:14:07
《MAYA-98k次时代建模》-上,动效动画,Maya道具98k次世代模型制作,2048,本课程从Maya工程目录的创建、高模低模的制作、UV的拆分、法线贴图的烘培、贴图的制作到最终模型渲染出效果图，完整的介绍了Maya次世代模型制作的整个流程，每个知识点都有详细的介绍。这个课程对想学习游戏次世代模型的同学来说，起到了抛砖引玉的作用，非常适合初学者进行学习。,课程\UI设计&多媒体\动效动画\《MAYA-98k次时代建模》-上,初级," 4小时56分",8.90,3,8.7,8.0,10.0,http://www.imooc.com/learn/1098,http://www.imooc.com/course/list?page=5,2020-05-21 16:14:07
Flink最锋利的武器---FlinkSQL入门和实战,大数据,Flink新版本特性以及Flink SQL在实际项目中的应用。,3795,本课程包含Flink重要的概念和编程模型，FlinkDataset和DataStreamAPI详解，FlinkTable和SQL的算子操作以及在实际问题中的应用。并且通过案例入手讲解FlinkSQL在生产环境的使用。,课程\云计算&大数据\大数据\Flink最锋利的武器---FlinkSQL入门和实战,初级," 2小时35分",10.00,2,10.0,10.0,10.0,http://www.imooc.com/learn/1113,http://www.imooc.com/course/list?page=4,2020-05-21 16:14:07
C语言入门,C,C语言入门视频教程，带你进入编程世界的必修课-C语言,821235,本C语言教程从以下几个模块来贯穿主要知识点：初始C程序、数据类型、运算符、语句结构、函数和数组。每个阶段都配有练习题同时提供在线编程任务。希望通过本教程帮助C语言入门学习者迅速掌握程序逻辑并开始C语言编程。,课程\后端开发\C\C语言入门,入门," 4小时50分",9.43,2839,9.7,9.4,9.2,http://www.imooc.com/learn/249,http://www.imooc.com/course/list?page=1,2020-05-21 16:14:08
极速入门SpringCloud之API网关与服务发现,JavaSpring Cloud,"SpringCloud微服务实战，从架构到网关到服务发现。
",17100,基于SpringBoot的SpringCloud是微服务架构的集大成者，将一系列优秀的组件进行了整合。本课程先介绍了微服务架构SpringCloud各个组件的应用场景，其次挖掘业界内各个组件的使用情况，然后介绍组件的架构及实现原理，最后通过简单的实例来熟悉该组件，为分析源码或者定制组件提供了基础。,课程\后端开发\Java\极速入门SpringCloud之API网关与服务发现,初级," 1小时30分",8.87,25,8.6,9.0,9.0,http://www.imooc.com/learn/1134,http://www.imooc.com/course/list?page=4,2020-05-21 16:14:08
PHP加密,PHP,为什么要使用加密，让我们对密码学有个初步的认识。,4456,1.课程简介2.密码初始，了解课几种历史上的加密方法，学会异或操作，了解DES、AES加密算法3.DES加密实践学习使用DES加密4.AES加密实践学习实践AES加密5.RSA加密原理学习明白非对称加密算法6.RSA加密实践学会使用RSA加密7.中间人攻击了解明白什么时中间人攻击8.Hash函数学习学会使用MD5函数9.综合实践结合所学知识，做一个综合实践10.总结回顾总结课程所学,课程\后端开发\PHP\PHP加密,中级," 2小时30分",9.33,12,9.5,8.7,9.8,http://www.imooc.com/learn/1133,http://www.imooc.com/course/list?page=4,2020-05-21 16:14:08
APP UI 动效入门案例,动效动画,手把手带你实操动效案例,8960,本门课程主要从0到1，手把手带你完成登机牌案例以及企业常用的app启动页动效案例,课程\UI设计&多媒体\动效动画\APPUI动效入门案例,入门," 1小时25分",10.00,2,10.0,10.0,10.0,http://www.imooc.com/learn/1103,http://www.imooc.com/course/list?page=5,2020-05-21 16:14:09
初识Python,Python,学python入门视频教程，让你快速入门并能编写简单的Python程序,754372,Python教程基础分《Python入门》和《Python进阶》两门课程，本视频教程是Python第一门课程，是Python开发的入门教程，将介绍Python语言的特点和适用范围，Python基本的数据类型，条件判断和循环，函数，以及Python特有的切片和列表生成式。希望本python教程能够让您快速入门并编写简单的Python程序。,课程\后端开发\Python\初识Python,入门," 5小时 0分",9.43,3736,9.7,9.4,9.2,http://www.imooc.com/learn/177,http://www.imooc.com/course/list?page=1,2020-05-21 16:14:09
解密IconFont字体图标,Html5CSS3,从0到1，逐步解密前端开发中的图标演变以及必备使用技巧,5006,本课程，面向具备html、css的用户，通过代码示例演示，对比传统图标和字体图标优劣，学习并掌握前端必备的字体图标使用技巧。,课程\前端开发\Html5\解密IconFont字体图标,初级," 4小时50分",9.43,13,9.4,9.4,9.5,http://www.imooc.com/learn/1132,http://www.imooc.com/course/list?page=4,2020-05-21 16:14:09
玩转MySQL8.0新特性,JavaMySQL,技术要与时俱进，探秘MySQL8.0新特性,18167,无论是强大的通用表表达式和窗口函数，还是增强的账户安全和方便的账户管理，又或是大量的代码重构，以及由此带来的许多InnoDB存储引擎增强，各种查询优化器的改进，以及对NoSQL的进一步支持，都在提示我们，MySQL8.0是一个非常具有里程碑意义的版本。好东西当然应该大家一起分享，所以有了这门课程。本课程不只有概念，更注重实战，所有内容均有实际操作，欢迎来看。,课程\后端开发\Java\玩转MySQL8.0新特性,入门," 3小时 0分",9.47,5,10.0,10.0,8.4,http://www.imooc.com/learn/1102,http://www.imooc.com/course/list?page=5,2020-05-21 16:14:10
Presto实战与演练,大数据,学习并操作Presto，实战数据查询及可视化系统。,1907,SQLOnHadoop因SQL简单易用等特点一直是各大公司致力实现的目标，本门课程从Hive到Presto，了解大数据中的SQL查询引擎和数据仓库的构建，并基于Presto实现数据查询及可视化系统。,课程\云计算&大数据\大数据\Presto实战与演练,中级," 3小时 0分",9.47,5,8.4,10.0,10.0,http://www.imooc.com/learn/647,http://www.imooc.com/course/list?page=4,2020-05-21 16:14:11
JavaScript入门篇,JavaScript,JavaScript做为一名Web工程师的必备技术，本教程让您快速入门,691043,本教程让您快速认识JavaScript，熟悉JavaScript基本语法、窗口交互方法和通过DOM进行网页元素的操作，学会如何编写JS代码，如何运用JavaScript去操作HTML元素和CSS样式，本JavaScript教程分为四个章节，能够让您快速入门，为JavaScript深入学习打下基础。,课程\前端开发\JavaScript\JavaScript入门篇,入门," 1小时35分",9.57,5449,9.8,9.5,9.4,http://www.imooc.com/learn/36,http://www.imooc.com/course/list?page=1,2020-05-21 16:14:11
我的云音乐（三）,Android,高仿网易云音乐，从零开始开发一款专属自己的音乐APP。,3014,不仅能学到自定义控件、第三方框架、Realm数据库等知识点，最终还能完成一个炫酷的音乐APP。,课程\移动开发\Android\我的云音乐（三）,中级," 3小时25分",9.77,11,10.0,9.3,10.0,http://www.imooc.com/learn/1115,http://www.imooc.com/course/list?page=4,2020-05-21 16:14:11
PS入门教程——新手过招,设计工具,慕课网推出的PS入门教程，PS入门学习必备课程，带你轻松入门,607602,慕课网推出的PS入门教程，PS入门学习必备课程，本课程将带你从PS的基本界面开始熟悉，ps入门课程主要分为三个章节，ps基本工具，ps选择与变形，ps色彩调整，通过小案例来学习简单的工具，终极目标就是先揭开PS的面纱，让你掌握PS的基本用法。,课程\UI设计&多媒体\设计工具\PS入门教程——新手过招,入门," 9小时45分",9.67,420,9.9,9.7,9.4,http://www.imooc.com/learn/139,http://www.imooc.com/course/list?page=1,2020-05-21 16:14:12
5G时代Vlog原型系统开发,Go设计工具,Vlog创造了一大批“网红”，来学Vlog系统开发，做第一批吃螃蟹的人！,10899,2018年是短视频爆发的一年，短视频战场在各大互联网公司呈现“群雄逐鹿”状态。进入2019年，vlog成为短视频的下一个风口，像百度就要补贴5亿给vlog作者。作为互联网产品开发的技术人员，跟随风口走才能成为市场上炙手可热的人才，所以有了我们这一门vlog系统的课程。在本门课程中，我们使用流行的golang语言进行开发，紧跟技术潮流。本课程的讲解中，注重全方位能力的培养，并且技术细节的讲解透彻，技术实现简单合理，欢迎大家学习。,课程\前端开发\HTML/CSS\5G时代Vlog原型系统开发,中级," 1小时30分",7.93,9,7.1,8.9,7.8,http://www.imooc.com/learn/1131,http://www.imooc.com/course/list?page=4,2020-05-21 16:14:12
HBase高可用及多租户环境应用,大数据,通过对Hbase添加权限控制、用户配额、资源隔离，实现Hbase多租户环境。,3060,"本课程从HBase应用场景开始讲解,带领搭建完成Ntp服务安装、Hadoop集群搭建、Zookeeper集群搭建、HbaseHA设计及搭建、通过添加协处理器为Hbase添加权限控制、用户配额、资源隔离实现Hbase多租户，并通过订单业务、海量数据写入业务验证Hbase多租户环境。",课程\云计算&大数据\大数据\HBase高可用及多租户环境应用,中级," 3小时58分",9.83,4,9.5,10.0,10.0,http://www.imooc.com/learn/294,http://www.imooc.com/course/list?page=5,2020-05-21 16:14:13
3小时极简春节抢红包之Go的实战,设计工具算法,【毕业设计】春节抢红包业务资金交易秒杀系统的架构设计和Golang实战,9012,本课程以红包业务场景为背景，从业务需求和用例分析，到业务模型分析，产生核心骨干模型，再进一步架构设计和数据设计，完成红包业务系统的设计，包括各个子系统设计、子系统接口，并使用golang语言来实战开发，构建一个完整的红包业务系统。,课程\后端开发\Go\3小时极简春节抢红包之Go的实战,入门," 3小时30分",9.13,13,9.4,9.4,8.6,http://www.imooc.com/learn/1101,http://www.imooc.com/course/list?page=5,2020-05-21 16:14:13
用技术打造小程序简历，让面试官耳目一新,,"小程序简历，别出心裁，让面试官记忆犹新
",2081,,课程\前端开发\JavaScript\用技术打造小程序简历，让面试官耳目一新,入门," 3小时30分",,,,,,http://www.imooc.com/course/introduction/id/1221,http://www.imooc.com/course/list?page=1,2020-05-21 16:14:13
Python数据预处理（一）一抽取多源数据文本信息,Python自然语言处理,Python数据预处理---人工智能通用技术,11133,本课程由数据预处理整个流程到综合实战。包括：Anaconda、Sublime、Pywin32、数据采集、数据集成、缺失值处理、正则、jieba分词、NLTK、词袋模型、数据抽样、特征词抽取、文本向量化、gensim、数据降维、numpy、sicpy、pandas、matplotlib、seabom、Xgboost等核心技术。,课程\后端开发\Python\Python数据预处理（一）一抽取多源数据文本信息,初级," 1小时38分",9.23,15,9.6,8.5,9.6,http://www.imooc.com/learn/1105,http://www.imooc.com/course/list?page=4,2020-05-21 16:14:14
Maya特效之表皮脱落效果——仿电影《攻壳机动队》特效-下,动效动画,Maya特效之表皮脱落效果——仿电影《攻壳机动队》特效,2983,在电影《攻壳机动队》（2017年）中，电影的开篇动画展现了未来世界中具有人类大脑和灵魂的生化机器人的制造过程。科技感十足，可谓精彩绝伦。其中，生化机器人的表层涂料开裂，脱落，飘散的动画效果，让人过目难忘，给观众留下了深刻的印象。类似的效果，在《变形金刚4》等电影中也曾出现过。在此，我们在Maya平台下，利用布料特效系统，模仿电影《攻壳机动队》中的这一效果，给大家讲解表皮脱落这类特效动画的制作原理、制作流程及制作方法。,课程\UI设计&多媒体\动效动画\Maya特效之表皮脱落效果——仿电影《攻壳机动队》特效-下,入门," 2小时19分",8.67,2,10.0,10.0,6.0,http://www.imooc.com/learn/1081,http://www.imooc.com/course/list?page=5,2020-05-21 16:14:14
MyBatis-Plus入门,Java,MyBatis-Plus框架入门必学课程！,31512,Mybatis-Plus（MP）在MyBatis的基础上只做增强不做改变，简化开发、提高效率。本课程从现有持久层框架存在的问题切入，引出MP在项目开发中能为我们解决哪些问题。课程中细致地讲解了MP的核心功能；并且结合实际场景，讲解了某些方法在特定场景下的使用。如果想进一步提升，请观看《MyBatis-Plus进阶》课程，链接在此：https://www.imooc.com/learn/1171,课程\后端开发\Java\MyBatis-Plus入门,高级," 4小时 0分",9.60,68,9.8,9.4,9.6,http://www.imooc.com/learn/1130,http://www.imooc.com/course/list?page=4,2020-05-21 16:14:15
uni-app 5小时快速入门,,uni-app 零基础实现to-do应用,4120,,课程\前端开发\Vue.js\uni-app5小时快速入门,入门," 5小时18分",,,,,,http://www.imooc.com/course/introduction/id/1215,http://www.imooc.com/course/list?page=1,2020-05-21 16:14:15
学习软件测试的进阶之路,测试,一门课让你学懂软件测试之路如何发展,20857,本门课程主要讲解新时代软件测试人员的职责、功能测试、性能测试等知识，让测试人员能更好的掌握学习路线。,课程\运维&测试\测试\学习软件测试的进阶之路,初级," 2小时50分",9.50,15,8.5,10.0,10.0,http://www.imooc.com/learn/1097,http://www.imooc.com/course/list?page=5,2020-05-21 16:14:15
玩转Vim  从放弃到爱不释手,Linux,作为程序员你还不知道编辑器之神 Vim 吗，带你从零开始学习 vim 编辑器。,17195,Vim作为一个强大的编辑器，是很多巨佬的不二之选，但因为其较高的入门学习门槛劝退了很多人。中文的系统教程少之又少，讲vim插件使用的更是屈指可数，本课程从vim最基础的操作和概念开始讲起，带领大家学会使用和配置vim，安装强大的vim插件，真正掌握编辑器之神vim的使用。,课程\运维&测试\Linux\玩转Vim从放弃到爱不释手,中级," 5小时 9分",9.77,19,9.9,9.4,10.0,http://www.imooc.com/learn/1129,http://www.imooc.com/course/list?page=4,2020-05-21 16:14:16
当React遇上TypeScript开发Antd组件,React.JSTypescript,介绍TS、React相关的知识，并用这些知识去实现Antd组件库中的弹框组件。,520,本课程介绍了TypeScript的配置、泛型；ReactDom中的api；antd中的feedback、classname基础组件等等相关知识，最后我们用这些知识实现了antd组件库中的Alert、Operation、Prompt三种弹框。,课程\前端开发\React.JS\当React遇上TypeScript开发Antd组件,高级," 2小时55分",10.00,0,10.0,10.0,10.0,http://www.imooc.com/learn/1234,http://www.imooc.com/course/list?page=1,2020-05-21 16:14:16
Android中的Http通信,Android,本次课程将带领大家掌握Android中的Http基础及对okhttp的封装使用。 ,8269,本门课程会带大家从Http基础知识包括Http协议，HttpURLConnection类的使用以及get、post、put、delete请求的处理开始，学习掌握json数据格式及解析方式，学习封装okhttp框架来适应现在主流app的使用，最后还会为大家总结Android中网络处理的常见问题和经验技巧。,课程\移动开发\Android\Android中的Http通信,初级," 2小时58分",9.40,12,9.7,8.8,9.7,http://www.imooc.com/learn/1094,http://www.imooc.com/course/list?page=5,2020-05-21 16:14:17
Egg.js 框架入门与实战,JavaScriptNode.js,Egg.js 基础讲解，以及结合 Vue.js 开发一个信息展示的小网站。,5755,目前项目中Node.js的需求是越来越多，简单的内部系统、Socket通信服务、官网等，开发难度也越来越大，而Egg.js就是一款解决企业级开发问题的Node.js框架。本课程将从Egg.js的入门知识开始讲解，并附上一个实际的案例来加深对框架的掌握。,课程\前端开发\JavaScript\Egg.js框架入门与实战,中级," 2小时 0分",9.60,17,9.2,9.8,9.8,http://www.imooc.com/learn/1185,http://www.imooc.com/course/list?page=3,2020-05-21 16:14:17
使用ViewPager实现卡片式问答项目（下）,Android,本门课程将带大家利用ViewPager等技术实现卡片式问答项目下半部分的学习,2443,本门课程将带大家从零开始开发一个在线答题app。本课程分为“上”和“下”两个部分，在“上”中，我们已经从需求分析开始，使用mvp构建模式搭建框架，完成项目的布局，网络数据请求，答题控件开发和逻辑实现。“下”中，我们将完成表情雨的特效实现，卡片的切换动画效果，使用GreenDao实现数据的持久化，底部广告条的实现，掌握项目的异常处理以及git管理项目和开源项目发布等技术。,课程\移动开发\Android\使用ViewPager实现卡片式问答项目（下）,入门," 1小时44分",9.47,5,9.6,8.8,10.0,http://www.imooc.com/learn/1126,http://www.imooc.com/course/list?page=4,2020-05-21 16:14:19
破解Retrofit,Android,带你深度剖析网络请求框架Retrofit,4490,Retrofit是一个很优秀的网络请求框架，它运用了Java的一些比较有趣却又多少有些讳莫如深的特性来做到这一点，你肯定很好奇这些特性究竟是怎么回事，也很想了解他们还能用在哪里，来吧，这门课将会给出你想要的答案。,课程\移动开发\Android\破解Retrofit,中级," 3小时45分",9.77,11,10.0,9.5,9.8,http://www.imooc.com/learn/1128,http://www.imooc.com/course/list?page=4,2020-05-21 16:14:19
2小时实战Apache顶级项目-RPC框架Dubbo分布式服务调度,Java,快速入门并实战分布式任务调度框架Dubbo,16849,当前正是微服务、分布式等相关技术盛行的时代，服务与服务之间、接口与接口之间如何进行通信是每个系统架构都会面临的事情。Dubbo作为当前应用相当广泛的服务调度框架，在服务之间的通信起到了关键性的作用。本课程将以代码实战为主、理论概念为辅，一步一个脚印从认识与理解Dubbo开始到基于SpringBoot整合Dubbo搭建实际的企业级应用实战相关实际项目的典型业务场景，讲解了如何采用Dubbo发布、注册服务到注册中心Zookeeper以及如何订阅、调用服务。本课程由浅入深，适合各阶段工程师、程序员观看。,课程\后端开发\Java\2小时实战Apache顶级项目-RPC框架Dubbo分布式服务调度,初级," 2小时30分",9.20,24,9.3,8.8,9.5,http://www.imooc.com/learn/1096,http://www.imooc.com/course/list?page=5,2020-05-21 16:14:19
Echarts4.0数据可视化-2小时快速入门,,2小时快速入门ECharts4.0开发,143,,课程\前端开发\JavaScript\Echarts4.0数据可视化-2小时快速入门,初级," 2小时30分",,,,,,http://www.imooc.com/course/introduction/id/1232,http://www.imooc.com/course/list?page=1,2020-05-21 16:14:19
数据可视化利器之Matplotlib,Python数据分析,使用Python的2D绘图库—Matplotlib实现数据的可视化操作,4907,本课程主要讲解了运用JupyterNotebook+Matplotlib实现数据可视化多种方式，主要包括交互式笔记本JupyterNotebook的环境搭建、可视化基础图形的绘制和应用、可视化高阶图形的绘制和应用，从而使大家充分掌握数据可视化的主要内容。,课程\后端开发\Python\数据可视化利器之Matplotlib,初级," 1小时28分",9.60,7,9.4,9.7,9.7,http://www.imooc.com/learn/1178,http://www.imooc.com/course/list?page=3,2020-05-21 16:14:19
Mybatis缓存详解,Java,学习mybatis一级缓存、二级缓存及自定义缓存的使用,1003,基于mybatis3.5.1版本，全面介绍mybatis一级缓存、二级缓存以及自定义缓存的使用方法、实现原理、应用场景、优缺点等，并进行现场验证,课程\后端开发\Java\Mybatis缓存详解,初级," 3小时 3分",10.00,0,10.0,10.0,10.0,http://www.imooc.com/learn/1238,http://www.imooc.com/course/list?page=1,2020-05-21 16:14:20
AWS平台上微服务与无服务的实践与应用,云计算AWS,学习AWS微服务架构开发、平台演进过程与应用实例,1879,了解微服务的概念、我们为什么需要微服务、如何在AWS平台上进行微服务架构开发，并以生动形象的实例讲解微服务的应用过程；了解什么是MongoDBCloud，以及如何在MongoDBCloud上构建无服务器化应用,课程\云计算&大数据\大数据\AWS平台上微服务与无服务的实践与应用,中级," 4小时 0分",9.77,3,9.3,10.0,10.0,http://www.imooc.com/learn/1179,http://www.imooc.com/course/list?page=3,2020-05-21 16:14:21
NLP基础+实战 让机器“写小说”,深度学习自然语言处理,阐述自然语言处理入门所需的基本开发原理，利用主流开发框架处理NLP问题,3196,本次课程，最大程度基于实际项目需要，介绍主流的自然语言处理方法，涉及的主要术语以及术语解释，采用Google成熟的机器学习框架tensorflow进行编码实现。课程涉及中文分词、逻辑回归、word2vec以及RNN的算法实现，全部以中文素材进行模型训练，最大限度贴近实战。学员通过课程学习可以掌握目前互联网企业应用的基本NLP框架，熟悉模型训练、模型分发和使用的流程，最终可以应用到实际生产项目中。,课程\前沿技术\深度学习\NLP基础+实战让机器“写小说”,中级," 3小时17分",7.90,6,8.0,7.7,8.0,http://www.imooc.com/learn/1216,http://www.imooc.com/course/list?page=2,2020-05-21 16:14:21
手把手从0打造电商网页开发,HTML/CSSJavaScript,手把手教你实现电商网站开发之高仿京东商城网页,2824,本课程主要介绍电商网站基本制作流程，通过电商网站分步的教学让大家了解和掌握电商网站制作的流程和注意事项。并且运用网站内学习过的知识点，更加快速的掌握整站的开发过程，增加开发经验。,课程\前端开发\HTML/CSS\手把手从0打造电商网页开发,入门," 5小时30分",10.00,0,10.0,10.0,10.0,http://www.imooc.com/learn/1236,http://www.imooc.com/course/list?page=1,2020-05-21 16:14:21
轻松入门微信小程序与云开发,小程序,深入浅出微信小程序核心基础与云开发，使你掌握小程序开发必备技能。,46728,本课程从小程序的基础知识开始，到小程序云开发的三大基础能力：云数据库、云函数、云存储，再到电影小程序案例的全栈开发，不仅有理论知识更有实战项目，课程更加注重培养学生分析问题和解决问题的能力，使你成为微信小程序全栈开发达人。另，老师的实战《微信小程序云开发-从0打造云音乐全栈小程序》https://coding.imooc.com/class/373.html及《再学JavaScriptES(6-11)全版本语法大全》https://coding.imooc.com/class/444.html已上线！！感兴趣的同学，可以关注一下，欢迎撒花拍砖~~,课程\前端开发\小程序\轻松入门微信小程序与云开发,初级," 3小时32分",9.63,116,9.7,9.6,9.6,http://www.imooc.com/learn/1121,http://www.imooc.com/course/list?page=4,2020-05-21 16:14:21
使用ViewPager实现卡片式问答项目（上）,Android,本门课程将带大家利用ViewPager等技术实现卡片式问答项目上半部分的学习,3479,本门课程将带大家从零开始开发一个在线答题app。本课程分为“上”和“下”两个部分，在“上”中，我们将从需求分析开始，使用mvp构建模式搭建框架，完成项目的布局，网络数据请求，答题控件开发和逻辑实现。,课程\移动开发\Android\使用ViewPager实现卡片式问答项目（上）,中级," 1小时37分",9.47,5,8.4,10.0,10.0,http://www.imooc.com/learn/1119,http://www.imooc.com/course/list?page=4,2020-05-21 16:14:21
Python数据预处理（四）- 特征降维与可视化,Python自然语言处理,教会你使用Python数据预处理,4050,本课介绍数据预处理过程体系，包括数据类型与采集、文本转化与抽取、数据集成与规约、中文分词、数据清洗、特征提取与变换、特征向量化、特征降维、特征选择、可视化、词典模型、TF-IDF向量模型、主题模型等。,课程\后端开发\Python\Python数据预处理（四）-特征降维与可视化,初级," 2小时13分",7.50,4,7.5,7.5,7.5,http://www.imooc.com/learn/1124,http://www.imooc.com/course/list?page=2,2020-05-21 16:14:22
Numpy基础入门,Python,从基本数组入手全面讲解Numpy中的核心知识,1942,本课程在整体把握Numpy的基础上，加深了数据管理容器的讲解，从而一步步展开对分散的知识点的解读，让学习者能够熟练使用Numpy，为后期更好的学习Pandas、Matplotlib以及Seaborn打好基础。,课程\后端开发\Python\Numpy基础入门,入门," 3小时22分",8.00,5,8.4,8.0,7.6,http://www.imooc.com/learn/1237,http://www.imooc.com/course/list?page=1,2020-05-21 16:14:22
node.js调试入门,Node.js,理论实践相结合学习使用 Inspector 调试 Node.js。,18178,现今Node.js愈发受欢迎，应用场景也越来越多，学会高效调试Node.js会让日常开发更高效。本课程将会带领大家学习使用Inspector调试Node.js。课程既包括Inspector的原理讲解，也覆盖了实战技巧，并通过大量场景实例演示各个调试技巧。,课程\前端开发\Node.js\node.js调试入门,入门," 2小时 0分",9.13,12,9.7,8.5,9.2,http://www.imooc.com/learn/1093,http://www.imooc.com/course/list?page=5,2020-05-21 16:14:23
C4D三维字体设计,模型制作,手把手带你实现炫酷的三维字体制作,4822,本课程主要讲解三维立体字体（包装栏目头图设计）,课程\UI设计&多媒体\模型制作\C4D三维字体设计,初级," 1小时40分",9.33,3,8.0,10.0,10.0,http://www.imooc.com/learn/1120,http://www.imooc.com/course/list?page=4,2020-05-21 16:14:23
仅需2小时 手写MINI Spring MVC框架,,手写SpringMVC，剑指优秀开源框架灵魂,1163,,课程\后端开发\Java\仅需2小时手写MINISpringMVC框架,入门," 2小时 0分",,,,,,http://www.imooc.com/course/introduction/id/1203,http://www.imooc.com/course/list?page=2,2020-05-21 16:14:23
2小时搞定移动端混合开发基础入门,,深入浅出移动端混合开发核心原理，掌握混合开发的核心技术。,3755,,课程\前端开发\HTML/CSS\2小时搞定移动端混合开发基础入门,初级," 2小时25分",,,,,,http://www.imooc.com/course/introduction/id/1176,http://www.imooc.com/course/list?page=3,2020-05-21 16:14:24
解锁网络编程之NIO的前世今生,算法与数据结构计算机网络,解锁网络编程的“乾坤大挪移”-NIO。,18375,网络编程->RPC的“基石”。众所周知，网络编程有三种方式：BIO、NIO、AIO。本课程通过对BIO/NIO两种编程模型对比的形式，引入NIO的优势。后对NIO核心类进行梳理、分析。最后通过动手实践，完成一个基于NIO的多人聊天室功能。通过动手实践，来加深对NIO原理的理解，并发现NIO的不足之处，培养辩证的看待和使用NIO解决问题的能力。关联课程：https://coding.imooc.com/class/381.html。讲师新课上线啦，口号是：打破996魔咒，向资本家宣战【告别996，高效工作，优雅编程】：https://coding.imooc.com/class/evaluation/382.html#Anchor,课程\后端开发\Java\解锁网络编程之NIO的前世今生,入门," 1小时40分",9.70,40,9.7,9.6,9.8,http://www.imooc.com/learn/1118,http://www.imooc.com/course/list?page=4,2020-05-21 16:14:24
Go语言框架：Beego vs Gin,Go,从宏观和微观两个角度，比较Beego框架和Gin框架的优缺点，以及如何选择,9929,课程虽然旨在比较Beego框架和Gin框架的优缺点，以及选择策略，但是校长从架构师的视角给出了更加宏大的大局观，并且拷问了很多习以为常又似是而非的、看似正确却实则错误的观点，然后通过Beeog和Gin的具体比较揭示这些观点的实例化，最后落脚在一个具体的项目问题上，通过两种框架实现项目，为学员同时讲解了具体的go语言知识。,课程\后端开发\Go\Go语言框架：BeegovsGin,初级," 3小时 6分",9.93,10,9.8,10.0,10.0,http://www.imooc.com/learn/602,http://www.imooc.com/course/list?page=5,2020-05-21 16:14:24
Java数据结构与排序算法快速入门,,入门数据结构和排序算法，一套课程，足矣！,513,,课程\后端开发\Java\Java数据结构与排序算法快速入门,初级," 2小时30分",,,,,,http://www.imooc.com/course/introduction/id/1233,http://www.imooc.com/course/list?page=1,2020-05-21 16:14:25
Android开发中的MVC_MVP_MVVM,Android,一门带你全面了解Android中的MVC-MVP-MVVM三种常用框架模型。,6073,Android大型项目中，为了达到模块内部的高聚合和模块间的低耦合性，提高项目的可维护性和可扩展性，我们通常会使用一种框架模型，本门课程主要带大家认识学习Android的MVC-MVP-MVVM三种框架模型。在课程中除了会对比介绍每个模型的优缺点，还会结合代码案例来解析每个模型的使用。,课程\移动开发\Android\Android开发中的MVC_MVP_MVVM,初级," 1小时18分",9.47,10,10.0,8.4,10.0,http://www.imooc.com/learn/1177,http://www.imooc.com/course/list?page=3,2020-05-21 16:14:25
逻辑回归原理与应用,算法,深入浅出分析推导逻辑回归数学原理，并用python完成模型解决问题,5386,本课程从逻辑回归的定义及其在机器学习所处地位入手，深入浅出的分析和推导逻辑回归算法的数学原理。以逻辑回归原理为基础，采用python语言，实际的开发一个基于梯度下降法的逻辑回归模型；并根据模拟的数据集，对模型的预测效果作出量化的评估。,课程\算法\逻辑回归原理与应用,中级," 2小时31分",9.50,8,9.8,9.2,9.5,http://www.imooc.com/learn/512,http://www.imooc.com/course/list?page=5,2020-05-21 16:14:25
开发工具IDEA从入门到爱不释手,Java,全面了解开发工具idea的常用操作，快速提高开发效率。,13610,系统的介绍了开发工具IDEA的常用操作，从开发过程中的编码，到运行调试，循序渐进;结合实际项目开发，从常用配置、快捷键使用、编码技巧及调试技巧、常用插件等角度，系统介绍如何高效的使用idea开发项目。整套课程紧密结合实战，从基本操作到高级进阶，是老师多年实战经验的总结。,课程\后端开发\Java\开发工具IDEA从入门到爱不释手,入门," 3小时30分",9.83,19,10.0,9.8,9.7,http://www.imooc.com/learn/1160,http://www.imooc.com/course/list?page=2,2020-05-21 16:14:26
ViewPager+Tab特效实现微信主界面,Android,综合利用ViewPager、Tab等诸多核心技术实现微信主界面的框架搭建任务,4833,本课程以微信主界面为例，介绍如何使用ViewPager和FragmentPagerAdapter实现多页面滑动效果，底部Tab的指示器动画特效，还将扩展ViewPager实现透明度渐变、旋转等特效。,课程\移动开发\Android\ViewPager+Tab特效实现微信主界面,初级," 3小时 4分",9.53,10,9.4,9.2,10.0,http://www.imooc.com/learn/1116,http://www.imooc.com/course/list?page=4,2020-05-21 16:14:26
【Flutter入门】3小时完成微信读书发现界面 ,,"零基础快速上手Flutter，还原真实大厂案例，增强移动端面试竞争力。
",2631,,课程\移动开发\Android\【Flutter入门】3小时完成微信读书发现界面,初级," 3小时43分",,,,,,http://www.imooc.com/course/introduction/id/1170,http://www.imooc.com/course/list?page=3,2020-05-21 16:14:26
Web项目开发及线上部署,,Web项目从开发到上线及绑定域名全流程讲解,682,,课程\后端开发\Java\Web项目开发及线上部署,初级," 3小时40分",,,,,,http://www.imooc.com/course/introduction/id/1230,http://www.imooc.com/course/list?page=1,2020-05-21 16:14:27
PWA入门,WebApp,教你入门现代化完美体验的web前端应用。,8388,PWA（ProgressiveWebApp）是一种理念，使用多种技术来增强webapp的功能，可以让网站的体验变得更好，能够模拟一些原生功能，比如通知推送。在移动端利用标准化框架，让网页应用呈现和原生应用相似的体验。,课程\前端开发\WebApp\PWA入门,入门,43分,9.17,19,8.8,9.6,9.1,http://www.imooc.com/learn/1092,http://www.imooc.com/course/list?page=5,2020-05-21 16:14:27
使用Prometheus实践基于Spring Boot监控告警体系,Java,基于Spring Boot2.X使用Prometheus实现监控大盘及微服务告警功能。,2088,本课程采用理论结合实践方式实现监控系统Prometheus。介绍CNCF云原生及微服务实际监控需求，介绍Devops、MDD、CNCF、Prometheus等概念，然后手把手带大家搭建基于SpringBoot2的实战监控体系，让大家体会企业项目面向DevOps开发的监控情景。,课程\后端开发\Java\使用Prometheus实践基于SpringBoot监控告警体系,中级," 1小时53分",9.23,6,10.0,8.7,9.0,http://www.imooc.com/learn/1231,http://www.imooc.com/course/list?page=1,2020-05-21 16:14:28
PHP+Mysql+Ajax实现分页,PHP,本课程从前端到后端系统的讲解了分页功能的开发,6747,分页一直是一个强需求，本课程首先从MySQL的角度讲解了分页的实现，其次介绍了PHP如何原生操作MySQL，然后介绍了前端AJAX的使用，最后通过开发一个分页实例来串联之前所讲。希望大家通过对本课程的学习能更好的理解分页的原理以及如何通过PHP,课程\后端开发\PHP\PHP+Mysql+Ajax实现分页,中级," 3小时20分",9.57,9,8.7,10.0,10.0,http://www.imooc.com/learn/1117,http://www.imooc.com/course/list?page=4,2020-05-21 16:14:28
Maya特效之表皮脱落效果——仿电影《攻壳机动队》特效 -上,动效动画,Maya特效之表皮脱落效果——仿电影《攻壳机动队》特效,3260,在电影《攻壳机动队》（2017年）中，电影的开篇动画展现了未来世界中具有人类大脑和灵魂的生化机器人的制造过程。科技感十足，可谓精彩绝伦。其中，生化机器人的表层涂料开裂，脱落，飘散的动画效果，让人过目难忘，给观众留下了深刻的印象。类似的效果，在《变形金刚4》等电影中也曾出现过。在此，我们在Maya平台下，利用布料特效系统，模仿电影《攻壳机动队》中的这一效果，给大家讲解表皮脱落这类特效动画的制作原理、制作流程及制作方法。,课程\UI设计&多媒体\动效动画\Maya特效之表皮脱落效果——仿电影《攻壳机动队》特效-上,入门," 1小时39分",8.83,4,10.0,6.5,10.0,http://www.imooc.com/learn/1080,http://www.imooc.com/course/list?page=5,2020-05-21 16:14:29
Tomcat服务配置与性能优化,Java,Tomcat安装、配置与性能优化！,20875,本课程从Tocmat环境安装开始介绍，然后介绍了安全配置和性能优化的内容。,课程\后端开发\Java\Tomcat服务配置与性能优化,初级," 2小时23分",9.13,26,9.0,9.5,8.9,http://www.imooc.com/learn/1114,http://www.imooc.com/course/list?page=4,2020-05-21 16:14:29
Spark SQL分析Nginx访问日志,大数据,快速入门Spark SQL的数据分析，并实战分析Nginx访问日志。,2714,本课中将系统的讲解SparkSQL的核心知识，并以实战的方式，通过分析Nginx访问日志的实战例子，帮助同学们领略SparkSQL强大简便的数据分析能力，洞悉SparkSQL调优方式及其核心思想。,课程\云计算&大数据\大数据\SparkSQL分析Nginx访问日志,中级," 2小时40分",9.83,4,10.0,9.5,10.0,http://www.imooc.com/learn/1149,http://www.imooc.com/course/list?page=3,2020-05-21 16:14:30
应用SpringCloud完成自定义配置中心开发实践,Java,应用SpringCloud从零开始开发自定义配置中心,4623,"本课程包含微服务配置中心的基本概念，SpringCloud开发步骤和前后端分离的编程方式，并且通过案例入手讲解如何开发一个""零配置""的配置中心。",课程\后端开发\Java\应用SpringCloud完成自定义配置中心开发实践,中级," 4小时40分",8.63,8,9.2,7.5,9.2,http://www.imooc.com/learn/1135,http://www.imooc.com/course/list?page=3,2020-05-21 16:14:30
常用验证码功能实现大全,,2.5小时轻松掌握验证码的制作和使用,3187,,课程\后端开发\Java\常用验证码功能实现大全,入门," 3小时 4分",,,,,,http://www.imooc.com/course/introduction/id/1213,http://www.imooc.com/course/list?page=2,2020-05-21 16:14:30
Go设计模式入门到实践,Go,轻松入门Go设计模式，从基础到实践。,2365,课程将从GO的OOP基础开始讲起，从每个类型中选择一个典型设计模式作为代表，并结合开发中实践进行讲解，围绕“提出设计模式--简单代码推演--实际场景应用”的方式，带你轻松入门设计模式。,课程\后端开发\Go\Go设计模式入门到实践,中级," 1小时40分",8.43,3,8.7,9.3,7.3,http://www.imooc.com/learn/1226,http://www.imooc.com/course/list?page=1,2020-05-21 16:14:31
4小时使用SpringCloud框架实现慕课网主页后端开发,,使用 SpringCloud 实现微服务架构，完成慕课网主页后端开发。,2094,,课程\后端开发\Java\4小时使用SpringCloud框架实现慕课网主页后端开发,中级," 4小时 0分",,,,,,http://www.imooc.com/course/introduction/id/1201,http://www.imooc.com/course/list?page=2,2020-05-21 16:14:31
Jenkins+K8s实现持续集成,测试自动化测试,手把手教你使用jenkins+k8s实现持续集成,16249,本课程介绍jenkins、docker、k8s以及使用一个实例讲解如何实现持续集成、代码的自动化编译打包和部署,课程\运维&测试\测试\Jenkins+K8s实现持续集成,入门," 2小时30分",8.13,16,8.8,8.0,7.6,http://www.imooc.com/learn/1112,http://www.imooc.com/course/list?page=4,2020-05-21 16:14:31
3小时速成 Vue2.x 核心技术,Vue.js,带你快速学习最流行的前端框架vue2.x的核心技术,64553,通过本课程，大家可以了解vue2.x的核心技术，建立前端组件化的思想，包括：常用的vue语法，vue-router，vuex，vue-cli等。我会手把手带大家使用vue-cli工具，快速构建vue项目。认识项目目录的同时，学会如何集成vue2.x到已有项目中，以及调试vue组件。从理论到实践，从小白到熟悉应用，我们配合实际的多案例共同进步。,课程\前端开发\Vue.js\3小时速成Vue2.x核心技术,中级," 3小时15分",9.37,90,9.3,9.5,9.3,http://www.imooc.com/learn/1091,http://www.imooc.com/course/list?page=5,2020-05-21 16:14:32
Python实现机器学习,Python机器学习,使用python手把手教你编程实现机器学习,10804,本门课程将介绍人工智能相关概念，重点讲解机器学习原理机器基本算法：监督学习及非监督学习。使用python，结合sklearn、jupyter-notebook进行编程，介绍iris、匹马印第安人数据集，建立AI模型并评估其表现。新课已上线，欢迎学习。https://coding.imooc.com/class/418.html,课程\后端开发\Python\Python实现机器学习,初级," 2小时48分",9.83,19,9.8,9.8,9.9,http://www.imooc.com/learn/1174,http://www.imooc.com/course/list?page=3,2020-05-21 16:14:32
快速入门Hadoop3.0大数据处理,大数据,快速入门Hadoop3.0数据处理，轻松迈入大数据领域,6170,本课程中内容涵盖Hadoop安装、HDFS分布式存储详解、MapReduce分布式计算详解、Yarn资源调度详解等知识，并最终通过直播平台开播数据统计分析案例帮助大家进一步活学活用。希望通过本课程，帮助大家对Hadoop有一个初步认识，理解Hadoop的一些核心思想和适用场景，以及如何使用Hadoop来进行海量数据的存储和计算分析。,课程\云计算&大数据\大数据\快速入门Hadoop3.0大数据处理,初级," 5小时30分",9.80,10,10.0,10.0,9.4,http://www.imooc.com/learn/1159,http://www.imooc.com/course/list?page=2,2020-05-21 16:14:33
如何做代码审查,,系统性的代码审查认知，对各种低质量问题逐个击破，乘上高质量的快车。,817,,课程\后端开发\Java\如何做代码审查,中级," 2小时15分",,,,,,http://www.imooc.com/course/introduction/id/1225,http://www.imooc.com/course/list?page=1,2020-05-21 16:14:33
《MAYA-98k次时代建模》-下,动效动画,Maya道具98k次世代模型制作,2454,本课程从Maya工程目录的创建、高模低模的制作、UV的拆分、法线贴图的烘培、贴图的制作到最终模型渲染出效果图，完整的介绍了Maya次世代模型制作的整个流程，每个知识点都有详细的介绍。这个课程对想学习游戏次世代模型的同学来说，起到了抛砖引玉的作用，非常适合初学者进行学习。,课程\UI设计&多媒体\动效动画\《MAYA-98k次时代建模》-下,初级," 4小时19分",9.10,3,10.0,10.0,7.3,http://www.imooc.com/learn/1099,http://www.imooc.com/course/list?page=4,2020-05-21 16:14:33
Flutter入门与案例实战,Android,带你入门Flutter，并完成属于自己的第一个Flutter小案例。,26267,本课程将从Flutter和主流前端框架的对比开始带你一步步的入门Flutter。最后通过一个电影推荐Demo的实现，增加同学们对Flutter的深刻认识和兴趣。实战课程：《Flutter从入门到进阶实战携程网App》课程地址：https://coding.imooc.com/class/321.html,课程\移动开发\Android\Flutter入门与案例实战,入门," 2小时32分",9.00,18,8.6,8.8,9.6,http://www.imooc.com/learn/1090,http://www.imooc.com/course/list?page=5,2020-05-21 16:14:34
Gin入门实战,JavaScriptGo,会基础就能上手golang web教程-Gin,8285,了解gin框架的核心概念：路由、中间件、参数绑定；企业中gin各种使用技巧，渐进式搭建基于gin框架的开发脚手架。展示一个项目从无到有的开发全过程；讲解开发api时常遇到的难点问题；讲解如何部署一个项目到线上。实战课：【毕设】基于Vue+Go的微服务网关项目设计与实战，详情如下：https://docs.qq.com/doc/DQmt0SnhoRnJQSXBQ?点击如下链接：https://coding.imooc.com/class/436.html,课程\前端开发\HTML/CSS\Gin入门实战,入门," 2小时15分",8.43,14,8.0,9.0,8.3,http://www.imooc.com/learn/1175,http://www.imooc.com/course/list?page=3,2020-05-21 16:14:34
程序员的自我修养与高效学习方法,,优秀程序员 你所必备的技能素养。,9249,,课程\前端开发\HTML/CSS\程序员的自我修养与高效学习方法,入门," 3小时22分",,,,,,http://www.imooc.com/course/introduction/id/1194,http://www.imooc.com/course/list?page=2,2020-05-21 16:14:34
切图基础教程-前端工程师版,前端工具Photoshop,专门为前端工程师准备的的切图教程。,6237,"课程系统的介绍了PS基本操作工具，掌握蓝湖第三方切图标注工具的基本使用，着重教大家切图的方式和技巧。最终熟练掌握切图，并且游刃有余的处理设计师挖的""坑""。",课程\前端开发\前端工具\切图基础教程-前端工程师版,入门," 1小时39分",8.70,7,8.9,8.6,8.6,http://www.imooc.com/learn/1228,http://www.imooc.com/course/list?page=1,2020-05-21 16:14:34
MAYA-绑定基础,动效动画,从mod环节到tex环节要经过的步骤,937,模型制作完成之后，要产生一个可用的资产文件，需要经过uv、贴图、材质几个步骤、本次课程主要讨论贴图的使用方法。,课程\UI设计&多媒体\动效动画\MAYA-绑定基础,入门," 1小时56分",9.57,3,10.0,10.0,8.7,http://www.imooc.com/learn/1100,http://www.imooc.com/course/list?page=4,2020-05-21 16:14:35
Java高并发之魂：synchronized深度解析,Java,从0开始彻底学会高并发场景下不得不会的synchronized,28782,高并发问题向来是Java程序员进阶的重点，也是面试的难点。想要打通高并发的奇经八脉，synchronized是你不得不趟过的坑，本课程从synchronized，从使用方法到底层原理源码，娓娓道来。还对常见面试题和更深层扩展方面的思考，做出了讲解。本课程由浅入深，适合各阶段工程师观看。悟空老师的实战课1：【Java并发核心知识精讲+Java内存模型+死锁】，传送门https://coding.imooc.com/class/362.html实战课2：《玩转Java并发工具，精通JUC，成为并发多面手》，内容包括：线程池+各种锁+CAS+AQS+ThreadLocal+ConcurrentHashMap+并发综合实战项目，传送门：https://coding.imooc.com/class/409.html,课程\后端开发\Java\Java高并发之魂：synchronized深度解析,中级," 2小时50分",9.57,100,9.8,9.3,9.6,http://www.imooc.com/learn/1086,http://www.imooc.com/course/list?page=5,2020-05-21 16:14:35
【计算机网络篇】从0到1 实现HTTP服务器开发,,"快速&系统 在实践中掌握计算机网络编程基础
",9025,,课程\计算机基础\计算机网络\【计算机网络篇】从0到1实现HTTP服务器开发,初级," 3小时 8分",,,,,,http://www.imooc.com/course/introduction/id/1172,http://www.imooc.com/course/list?page=3,2020-05-21 16:14:35
Android CMake以及NDK实践基础,Android,Android底层开发入门必备，CMake动态库编译和使用，NDK的各种开发技巧。 ,2536,本课程会介绍如何在Android平台上使用CMake进行动态库的编译和使用，同时和会讲解AndroidNDK的各种开发技巧，包括Java与JNI如何进行双向调用交互、NDK层线程创建和同步、引用管理和异常处理，以及NDK中Bitmap的使用，通过这些技巧示例能够让你快速掌握NDK开发。,课程\移动开发\Android\AndroidCMake以及NDK实践基础,初级," 2小时55分",9.80,7,10.0,9.4,10.0,http://www.imooc.com/learn/1212,http://www.imooc.com/course/list?page=2,2020-05-21 16:14:36
Jmeter 接口自动化脚本结构进阶,接口测试,课程主要优化组织Jmeter脚本结构对提升脚本易维护性和效率方面的效果。,3325,结合实际项目展示Jmeter在接口自动化测试中的应用，详细展示Jmeter脚本结构优化方案，并针对这套脚本结构方案中的各个模块的设计思路及实现方式进行详细讲解，切实有效提升通过Jmeter进行接口自动化的能力和效率。,课程\运维&测试\接口测试\Jmeter接口自动化脚本结构进阶,中级," 2小时40分",9.10,3,10.0,9.3,8.0,http://www.imooc.com/learn/1227,http://www.imooc.com/course/list?page=1,2020-05-21 16:14:36
Redis5.0之12项新特性,Redis,解剖 Redis5.0 的12项新特性。,6134,本次课程主要讲解Redis5.0的重要配置项，讲解Stream数据类型，新的SortedSet命令，内存碎片整理以及用新的集群管理器搭建一个简单的集群，重点放在Stream数据类型上面，其它新特性会讲解理论知识和应用场景。,课程\数据库\Redis\Redis5.0之12项新特性,初级," 1小时44分",9.50,7,9.7,9.1,9.7,http://www.imooc.com/learn/1089,http://www.imooc.com/course/list?page=5,2020-05-21 16:14:36
JDK11&12 新特性解读,Java,JDK11、12 新特性的介绍及代码演示,8583,Java语言如今已被广泛应用到科技行业的各个领域，成为当前最热门的计算机语言之一。Java语言版本更新速度很快，每个新版本都能或多或少的影响当前的开发模式。学习Java新版本的特性，能够更加清晰的了解Java未来的发展方向，以及梳理编程的思想。,课程\后端开发\Java\JDK11&12新特性解读,初级," 3小时10分",9.87,10,10.0,9.8,9.8,http://www.imooc.com/learn/553,http://www.imooc.com/course/list?page=4,2020-05-21 16:14:37
vue-cli全集,Vue.js,手把手带你学习从项目创建到项目升级，完美契合企业需求,23780,本课程从vue-cli2项目创建到使用vue-cli3对项目进行升级，手把手教学,课程\前端开发\Vue.js\vue-cli全集,入门," 7小时 0分",9.40,47,9.4,9.3,9.5,http://www.imooc.com/learn/1173,http://www.imooc.com/course/list?page=3,2020-05-21 16:14:37
Python 算法面试难点攻坚课--动态规划,,动态规划和递归作为算法中面试频率很高，是我们这门课程重点攻克对象。,1776,,课程\后端开发\Python\Python算法面试难点攻坚课--动态规划,高级," 6小时52分",,,,,,http://www.imooc.com/course/introduction/id/1211,http://www.imooc.com/course/list?page=2,2020-05-21 16:14:38
MultiDex从基础原理到实践优化,Android,Android进阶学习必备，带你从基础用法到实践优化一站式掌握MultiDex。,1155,本门课程将会由浅入深带领大家学习MultiDex基础用法到实践优化等知识。在课程中会包含Java源码编译过程、Class文件与Dex文件格式的关系、APK包结构、MultiDex原理、类加载机制、Dalvik虚拟机与ART虚拟机的区别、热修复原理等知识点。学习与研究MultiDex不论是对当下工作，还是技术成长相信都会有很大的帮助。,课程\移动开发\Android\MultiDex从基础原理到实践优化,中级," 1小时32分",7.53,3,8.0,7.3,7.3,http://www.imooc.com/learn/1224,http://www.imooc.com/course/list?page=1,2020-05-21 16:14:38
角色动画,动效动画,从0到1结合案例，分析角色动画实现原理，并制作完整的角色动画案例,11868,本套课程涉及知识点简单易懂，是日常工作中最常用的，并且很实用。技术知识只是实现效果的基础而如何打开脑洞利用简单的知识做出好的效果才是我们一直追寻的目标。,课程\UI设计&多媒体\动效动画\角色动画,初级," 1小时 0分",9.83,4,10.0,9.5,10.0,http://www.imooc.com/learn/1088,http://www.imooc.com/course/list?page=5,2020-05-21 16:14:38
MyBatis-Plus进阶,Java,MyBatis-Plus框架进阶课程,12181,本课程是《MyBatis-Plus入门》的延续，在之前的基础上，继续介绍MyBatis-Plus的高级功能，包括逻辑删除、自动填充、乐观锁、性能分析、多租户实现、动态表和SQL注入器等内容。理论加实践相结合的方式进行讲解，定能让你的MyBatis-Plus技能进一步提升。,课程\后端开发\Java\MyBatis-Plus进阶,高级," 2小时10分",9.73,17,10.0,9.3,9.9,http://www.imooc.com/learn/1171,http://www.imooc.com/course/list?page=3,2020-05-21 16:14:38
Grid布局基础,HTML/CSS,Grid二维网格布局系统，跟随时代潮流，掌握新一代的布局方案。,11586,本课程带领大家学习新一代的网页布局方案，弥补了之前网页布局的很多不足。CSS网格布局（又名“网格”）是一个二维的基于网格的布局系统，其目的只在于完全改变我们设计基于网格的用户界面的方式。,课程\前端开发\HTML/CSS\Grid布局基础,中级," 3小时18分",9.33,15,9.9,8.4,9.7,http://www.imooc.com/learn/1111,http://www.imooc.com/course/list?page=4,2020-05-21 16:14:39
4小时快速体验ES6-10的强大,,轻松掌握ES6-10基础语法与新增API！,999,,课程\前端开发\JavaScript\4小时快速体验ES6-10的强大,入门," 4小时 0分",,,,,,http://www.imooc.com/course/introduction/id/1222,http://www.imooc.com/course/list?page=1,2020-05-21 16:14:40
全面掌握Django ORM,PythonDjango,全面掌握Django ORM，以Django官方文档为依据，准确、权威。,8316,Django的一个强大的功能是它的对象关系映射Object-RelationalMapping（ORM），它允许你就像使用SQL一样去和你的数据库交互，本课程将以Django官方文档为依据，通过开发讲师、课程、学生、助教四个模型类，给大家完整透彻的讲解DjangoORM知识体系，为更高级的开发打下坚实基础。课程源码：https://github.com/liaogx/imooc,课程\后端开发\Python\全面掌握DjangoORM,中级," 1小时45分",9.33,26,9.7,9.2,9.1,http://www.imooc.com/learn/1087,http://www.imooc.com/course/list?page=5,2020-05-21 16:14:40
当 React Native 遇到 TypeScript,React.JSReact native,如何在 React Native 项目中使用 TypeScript。,3463,ReactNative可以用使用JavaScript来开发跨平台App，TypeScript为JavaScript添加了强大的静态编译类型系统。如何在ReactNative项目中使用TypeScript来开发？这么课程就是带领大家一起学习使用TypeScript来开发ReactNative项目。老师实战课已上线《ReactNative+TypeScript仿喜马拉雅开发App》https://coding.imooc.com/class/435.html带你深度体验RN的跨平台能力＋TS的全新开发技巧，欢迎撒花拍砖~~,课程\前端开发\JavaScript\当ReactNative遇到TypeScript,中级," 2小时12分",9.53,8,9.8,8.8,10.0,http://www.imooc.com/learn/1169,http://www.imooc.com/course/list?page=3,2020-05-21 16:14:40
Nodejs全栈入门,Node.js,基于node+mysql+react全栈实战,12260,整个项目重点分为2部分，前端通过react+redux实现UI界面和状态管理，后端使用express做web框架，使用mysql作为数据存储，利用sequelize作为ORM，便于通过nodejs管理和操作mysql。,课程\前端开发\Node.js\Nodejs全栈入门,中级," 3小时37分",9.60,19,9.9,9.3,9.6,http://www.imooc.com/learn/1199,http://www.imooc.com/course/list?page=2,2020-05-21 16:14:41
Python爬虫实战数据可视化分析,,网站数据收集分析必备技能,2100,,课程\后端开发\Python\Python爬虫实战数据可视化分析,初级," 3小时 0分",,,,,,http://www.imooc.com/course/introduction/id/1210,http://www.imooc.com/course/list?page=2,2020-05-21 16:14:41
PHP开发APP接口,PHPMySQL,本课程介绍了如何通过PHP面向对象的思想构建一个模块化的APP后台,13451,在前后端分离的时代，使用PHP开发APP后台API（接口）是很多公司的选择。但是传统的PHP开发API没有系统的把PHP当做一个工程化的项目来开发，没有明确各个模块的职责，所以本课程相对的提出了一种比较通用的PHP开发API的方式，简单的从API输入输出、API鉴权，业务异常处理等模块来描述API各个模块以及各个模块之间的关系。在课程的最后，介绍了一个API实例，该实例串联了API的各个模块，让大家达到融汇贯通的效果。,课程\后端开发\PHP\PHP开发APP接口,中级," 2小时59分",9.30,28,9.7,8.8,9.4,http://www.imooc.com/learn/1107,http://www.imooc.com/course/list?page=4,2020-05-21 16:14:41
PHP7的基本变量,PHP,学习PHP7基本变量，掌握PHP7的新特性,8678,本课中重点讲解PHP7的基本变量，如结构体与联合体、宏与大小端、数组、小而巧的zval等。,课程\后端开发\PHP\PHP7的基本变量,入门," 2小时10分",8.83,11,9.1,8.5,8.9,http://www.imooc.com/learn/1085,http://www.imooc.com/course/list?page=5,2020-05-21 16:14:42
二进制与Java中的基本数据类型,Java,从认识二进制开始，逐步理解Java是如何存储和处理数据的。,3753,我们都知道，计算机中都是使用2进制进行存储的。学习好二进制，对理解计算机如何处理数据以及Java中的数据类型在计算机中如何存储，都有实质性的帮助。本课程将从二进制的历史开始讲解位值制计数法、进制转换、小数的二进制化等二进制相关知识。并由此拓展介绍了Java中的整型、浮点型以及字符型。在这里还可以看到BigInteger、BigDecimal如何使用、ASCII与unicode关系等,课程\后端开发\Java\二进制与Java中的基本数据类型,入门," 1小时40分",9.60,5,10.0,8.8,10.0,http://www.imooc.com/learn/1223,http://www.imooc.com/course/list?page=1,2020-05-21 16:14:42
Apache Druid入门与实践,大数据,Apache Druid是一个高性能的实时分析数据库,2626,本课程中将介绍为什么要使用Druid，Druid的使用场景有哪些。带领大家从Druid的原理、安装、使用等方面进行讲解，同时与现有的Hadoop以及Kafka进行集成，让大家能够快速上手Druid的使用。,课程\云计算&大数据\大数据\ApacheDruid入门与实践,中级," 1小时35分",9.17,8,9.5,9.0,9.0,http://www.imooc.com/learn/1147,http://www.imooc.com/course/list?page=3,2020-05-21 16:14:43
零基础入门 mpx 小程序框架,小程序,增强型小程序框架Mpx使用入门教程,6561,小程序开发和web开发相似又不相同，Mpx框架选择了一条不一样的道路，在原生小程序基础上做能力增强，以提升大家的小程序开发体验和效率。本课程会简单讲解Mpx框架的思路和原理，带大家学习Mpx框架的基础能力和简单的进阶使用，体验Mpx框架的优势，学会如何使用Mpx框架开发各种小程序。,课程\前端开发\小程序\零基础入门mpx小程序框架,入门," 2小时56分",9.70,7,9.7,9.7,9.7,http://www.imooc.com/learn/1209,http://www.imooc.com/course/list?page=2,2020-05-21 16:14:43
三小时带你入门Django框架 新版上架,PythonDjango,Python开发上手Web框架的必备课程，三小时带你入门Django框架。,15429,Django框架是时下Python语言最热门的Web框架之一，它是一个功能完善、文档齐全、开发敏捷、配置简单的Web框架，能够快速将一个想法实现，使用它能够快速搭建一个网站，本课程将理论与实践结合，带你三小时入门DjangoWeb框架，让你快速上手Web开发。,课程\后端开发\Python\三小时带你入门Django框架新版上架,初级," 2小时47分",9.73,31,9.7,9.6,9.9,http://www.imooc.com/learn/1110,http://www.imooc.com/course/list?page=4,2020-05-21 16:14:43
Taro多端框架开发外卖首页,React.JS小程序,Taro 一套代码多端运行的框架，带你掌握Taro开发基本语法，以及项目开发,19783,Taro是一套遵循React语法规范的多端开发解决方案。使用Taro，我们可以只书写一套代码，再通过Taro的编译工具，将源代码分别编译出可以在不同端（微信小程序、H5、RN等）运行的代码。其拥有React语法风格的特性，同时支持使用JSX语法，使用Taro开发可以获得和React一致的开发体验。,课程\前端开发\React.JS\Taro多端框架开发外卖首页,中级," 4小时11分",9.33,14,9.7,9.4,8.9,http://www.imooc.com/learn/1084,http://www.imooc.com/course/list?page=5,2020-05-21 16:14:44
Go语言语法进阶指南,Go,了解Go语言各种高级用法，快速提高开发效率,5019,Go语言经过多年的快速发展，已经被光广泛应用到各个领域，成为当前最热的计算机语言之一。Go自带许多高级特性及常用工具，使Go一出世就以高并发和高性能为程序员所追捧。本课程将针对对Go的高级特性和自带工具进行讲解和演示，帮助小伙伴们快速入门提升开发效率！,课程\后端开发\Go\Go语言语法进阶指南,初级," 3小时35分",8.77,7,9.1,8.6,8.6,http://www.imooc.com/learn/1163,http://www.imooc.com/course/list?page=1,2020-05-21 16:14:44
Android应用内升级App,Android,本门课程将大家从0开始撸一个Android应用内升级的Demo。,3259,应用内升级对于每一个Android应用，算是一个标配功能。本门课程将带大家从应用内升级的必要性分析，再到应用升级的几种形式介绍及实现流程解析，最后手把手带大家实现一个应用内升级的案例，除此之外还会分享应用内升级的一些例如完整性校验，防止文件下载错误或被篡改等实现细节。,课程\移动开发\Android\Android应用内升级App,中级," 1小时52分",9.67,8,10.0,9.0,10.0,http://www.imooc.com/learn/1168,http://www.imooc.com/course/list?page=3,2020-05-21 16:14:45
深度学习之LSTM模型,深度学习自然语言处理,学习主流的Lstm模型，能基于Tensorflow开发出Lstm的文本分类功能。,1956,学习主流的Lstm模型，包括Rnn和Lstm的起源和发展，Lstm的模型，Lstm的应用场景，Lstm的训练过程，Lstm的后续发展。学习文本分类的发展，文本分类和深度学习的结合点。学习基于Tensorflow的Lstm文本分类实战。,课程\前沿技术\深度学习\深度学习之LSTM模型,中级," 3小时58分",9.10,3,8.7,9.3,9.3,http://www.imooc.com/learn/1200,http://www.imooc.com/course/list?page=2,2020-05-21 16:14:45
我的云音乐（二）,Android,高仿网易云音乐，从零开始开发一款专属自己的音乐APP。,6237,不仅能学到自定义控件、第三方框架、Realm数据库等知识点，最终还能完成一个炫酷的音乐APP。,课程\移动开发\Android\我的云音乐（二）,中级," 3小时 0分",9.13,17,9.8,8.4,9.2,http://www.imooc.com/learn/1109,http://www.imooc.com/course/list?page=4,2020-05-21 16:14:45
3小时玩转正则表达式,,"理论知识+有趣实战，带你快速高效掌握正则表达式
",1235,,课程\后端开发\Python\3小时玩转正则表达式,入门," 3小时10分",,,,,,http://www.imooc.com/course/introduction/id/1218,http://www.imooc.com/course/list?page=1,2020-05-21 16:14:46
SpringBoot构建电商基础秒杀项目,Java,应用SpringBoot快速搭建拥有用户、商品、交易及秒杀活动的电商秒杀应用。,33972,本课程中将带领大家，通过使用SpringBoot快速搭建前后端分离的电商基础秒杀项目。项目中会通过应用领域驱动型的分层模型设计方式去完成用户otp注册、登陆、查看、商品列表、进入商品详情以及倒计时秒杀开始后下单购买的基本流程。课程配套进阶实战《Java电商秒杀系统深度优化从容应对亿级流量挑战》已上线https://coding.imooc.com/class/338.html欢迎小伙伴们围观打赏~~另，三少新作《ElasticSearch+Spark构建高相关性搜索服务&千人千面推荐系统》https://coding.imooc.com/class/391.html也上线啦，课程中会结合最新ES7以及spark2.4进行搜索推荐业务的讲解，感兴趣的同学，可以关注一下，欢迎撒花拍砖~~,课程\后端开发\Java\SpringBoot构建电商基础秒杀项目,中级," 6小时31分",9.70,105,9.9,9.6,9.6,http://www.imooc.com/learn/1079,http://www.imooc.com/course/list?page=5,2020-05-21 16:14:46
Spring框架小白的蜕变,Java,Spring Ioc和Spring Bean基础内容的讲解,27307,在本课程中，老师带领大家认识Spring中的重要概念IoC，然后介绍如何对SpringBean进行管理。,课程\后端开发\Java\Spring框架小白的蜕变,初级," 3小时50分",9.93,58,9.9,9.9,10.0,http://www.imooc.com/learn/1108,http://www.imooc.com/course/list?page=4,2020-05-21 16:14:47
Android事件分发机制,Android,介绍android系统中关于事件分发的原理，以及流程,4009,介绍android系统中关于事件分发的原理，以及流程,课程\移动开发\Android\Android事件分发机制,入门," 2小时30分",9.70,7,9.1,10.0,10.0,http://www.imooc.com/learn/1155,http://www.imooc.com/course/list?page=3,2020-05-21 16:14:47
剖析HashMap源码,,"透视HashMap，让你Get到源码大师的编程内功和编程思想
",2730,,课程\后端开发\Java\剖析HashMap源码,入门," 1小时 0分",,,,,,http://www.imooc.com/course/introduction/id/1205,http://www.imooc.com/course/list?page=2,2020-05-21 16:14:47
2018 AWS技术峰会  无服务器架构分论坛,云计算AWS,您将了解到如何通过在AWS上构建无服务器应用程序及无服务器架构的特征。,2407,在这个分论坛中将会与您讨论如何通过在AWS上构建无服务器应用程序、无服务器架构的特征以及如何通过无服务器架构来降低这些成本，并且仍然可以满足各种领域的企业需求。,课程\云计算&大数据\云计算\2018AWS技术峰会无服务器架构分论坛,高级," 1小时20分",9.00,2,7.0,10.0,10.0,http://www.imooc.com/learn/1083,http://www.imooc.com/course/list?page=5,2020-05-21 16:14:48
自己动手实现RPC框架,Java,自己动手实现一个完整的RPC框架，So Easy！,6035,在微服务、分布式盛行的时代，RPC在其中扮演者非常重要的角色。本课程将带大家从原理及实现上理解RPC框架。首先讲解RPC是什么，我们为什么需要RPC；进一步分析其核心原理，梳理其中会设计到的技术点，为我们后续造轮子做准备；然后从工程建立模块划分开始，接着定义协议、实现序列化、实现网络模块、实现server模块、实现client模块，开发完成之后利用自己的RPC开发一个具备分布式特效的计算器；最后对课程进行总结，难点分析，指出存在的不足以及解决方法。,课程\后端开发\Java\自己动手实现RPC框架,中级," 2小时40分",9.43,13,9.5,9.1,9.7,http://www.imooc.com/learn/1158,http://www.imooc.com/course/list?page=1,2020-05-21 16:14:48
【思维提升】程序员的高数入门课,,程序员必学的高数基础课,2160,,课程\计算机基础\数学\【思维提升】程序员的高数入门课,入门," 1小时40分",,,,,,http://www.imooc.com/course/introduction/id/1167,http://www.imooc.com/course/list?page=3,2020-05-21 16:14:52
Python量化投资,大数据数据分析&挖掘,如何进行量化投资，快加入我们的课程吧，入门量化投资。,5612,现如今，随着大数据和人工智能的发展，投资的手段也跟随者技术革新进行迭代，量化在投资中的地位越来越重要；本课程将带领大家揭开量化投资神秘的面纱，掌握基本的量化投资手段。,课程\后端开发\Python\Python量化投资,中级," 1小时59分",9.47,5,9.2,9.6,9.6,http://www.imooc.com/learn/1206,http://www.imooc.com/course/list?page=2,2020-05-21 16:14:53
Android网络安全之加解密,Android,在不安全的网络环境中，如何安全的传输敏感数据,5165,本课程将会对比讲解，实操演示网络传输时抓包截获到的信息，不做任何安全保护如同你的电脑在裸奔。如何利用加密技术，对内容进行加密。不仅涉及到对称加密，非对称加密，还有破解难度最高的DH密码交换方式加密技术。为你的安全保驾护航。,课程\移动开发\Android\Android网络安全之加解密,中级," 4小时 0分",10.00,2,10.0,10.0,10.0,http://www.imooc.com/learn/1214,http://www.imooc.com/course/list?page=1,2020-05-21 16:14:53
AWS summit 2019精华：关于人工智能、应用程序开发、DevOps			,DockerAWS,关于人工智能、应用程序开发、DevOps的新内容。,1522,了解在AWS平台上机器学习技术如何与物联网技术结合、了解AWS如何通过威胁检测和补救保证云安全、了解AWS平台上的JAVA应用开发、了解公有云时代的DevOps实践,课程\云计算&大数据\云计算\AWSsummit2019精华：关于人工智能、应用程序开发、DevOps,中级," 4小时 0分",10.00,5,10.0,10.0,10.0,http://www.imooc.com/learn/1166,http://www.imooc.com/course/list?page=3,2020-05-21 16:14:54
C4D建模实例,模型制作,"结合基础知识,从建模到材质渲染,带你完整的完成一个建模作品",4866,"本套课程结合基础知识,从建模到材质渲染,带你完整的完成一个建模作品",课程\UI设计&多媒体\模型制作\C4D建模实例,初级," 1小时19分",10.00,3,10.0,10.0,10.0,http://www.imooc.com/learn/1082,http://www.imooc.com/course/list?page=5,2020-05-21 16:14:54
Chrome DevTools开发者工具调试指南,前端工具,全面掌握 Chrome 浏览器开发者工具的各项功能。,10265,对于Web开发者，尤其是前端开发工程师，Chrome浏览器开发者工具几乎成为我们每天开发调试的必备工具。那么掌握Chrome开发者工具会让我们更加全面、高效地进行页面调试和开发。本教程手把手教你全面的掌握Chrome开发者工具，让你在页面开发的过程中事半功倍！,课程\前端开发\前端工具\ChromeDevTools开发者工具调试指南,入门," 2小时34分",9.77,24,10.0,9.7,9.6,http://www.imooc.com/learn/1164,http://www.imooc.com/course/list?page=3,2020-05-21 16:14:54
一课掌握Lambda表达式语法及应用,,深入浅出，快速掌握Lambda表达式“如何用”“怎么用”,4854,,课程\后端开发\Java\一课掌握Lambda表达式语法及应用,初级," 2小时58分",,,,,,http://www.imooc.com/course/introduction/id/1196,http://www.imooc.com/course/list?page=2,2020-05-21 16:14:54
探索MG动画的神奇世界,动效动画,结合案例带你探索MG动画的神奇世界,4232,本次课程为MG动画入门教程，通过本次课程的学习，让你对MG动画有所了解，并通过实例的制作，让你熟悉动画制作的软件操作,课程\UI设计&多媒体\动效动画\探索MG动画的神奇世界,入门," 1小时 2分",10.00,5,10.0,10.0,10.0,http://www.imooc.com/learn/1073,http://www.imooc.com/course/list?page=5,2020-05-21 16:14:55
React Native开发播放器,,使用RN实现一个完整的兼容ios，安卓的视频播放器并带有类似qq的导航框架,575,,课程\前端开发\JavaScript\ReactNative开发播放器,中级," 3小时28分",,,,,,http://www.imooc.com/course/introduction/id/1207,http://www.imooc.com/course/list?page=1,2020-05-21 16:14:55
Go开发短地址服务,Go,2小时带你通过GO语言实现短地址服务。,3444,短链接经常出现在微博和twitter上，他用来把一个长地址缩短到很短的地址。大家一定很好奇他是怎么把长地址和短地址做到一一对应，而且又不重复的呢？这门课将会告诉你们答案并且教大家如何用Go来实现短地址服务。,课程\后端开发\Go\Go开发短地址服务,高级," 1小时50分",9.63,16,9.9,9.4,9.6,http://www.imooc.com/learn/1150,http://www.imooc.com/course/list?page=3,2020-05-21 16:14:55
ThreadLocal,Java,设计者视角源码级ThreadLocal分析教你建立线程安全感-你专属的技术优越感,7632,多线程增加了我们的不确定性，破坏了可预测性——当然，这对于【艺高人胆大】的未来的你，都是小事，因为你会不断进步成长，只要你把握好现在的光阴。科学的美，在于它的模型可以不断的迭代和进步，Java是一种简化和进步，ThreadLocal也一种简化和进步，如同Java给编程带来了很多安全感，而ThreadLocal给多线程时代带了更多的安全感（可预测性、确定性，一致性……）。课程是一种爬坡训练，难度会一直上去直到你完全理解，可以自己动手实现。,课程\后端开发\Java\ThreadLocal,初级," 1小时40分",9.63,20,9.7,9.6,9.6,http://www.imooc.com/learn/1217,http://www.imooc.com/course/list?page=1,2020-05-21 16:14:56
Android实现跨进程通信,Android,快速掌握Android中进程间通信的开发和底层原理。,2726,针对Android进程间通信机制进行深入分析，了解Android中跨进程通信的方法和相关应用场景，彻底理清Android中进程间通信的原理，在此基础上，通过项目实战编写进程间通信代码，从而掌握Binder、AIDL、Messenger的相关运用和底层实现，实现举一反三，彻底掌握Android中进程间通信的原理。,课程\移动开发\Android\Android实现跨进程通信,中级," 1小时59分",9.33,6,9.0,9.0,10.0,http://www.imooc.com/learn/1195,http://www.imooc.com/course/list?page=2,2020-05-21 16:14:56
Electron开发本地音乐播放器,,跨平台开发框架Electron，一次编写多个系统使用,1659,,课程\前端开发\Node.js\Electron开发本地音乐播放器,初级," 3小时50分",,,,,,http://www.imooc.com/course/introduction/id/1198,http://www.imooc.com/course/list?page=2,2020-05-21 16:14:57
Kingshard数据库中间件理论与实践,MySQL,"学会Kingshard数据库中间件理论以及Kingshard数据库的安装和使用。
",2318,本课程主要先介绍MySQLProxy与Go语言，并且会讲解Kingshard的功能和应用场景以及架构设计，最后还会讲解Kingshard的安装和使用。,课程\数据库\MySQL\Kingshard数据库中间件理论与实践,高级," 2小时25分",10.00,7,10.0,10.0,10.0,http://www.imooc.com/learn/1078,http://www.imooc.com/course/list?page=5,2020-05-21 16:14:57
Android9.0动态运行时权限源码分析及封装改造,Android,Android9.0动态运行时权限源码分析，利用AOP手动封装属于自己的框架,1894,透过Android9.0运行时权限检测流程及源码分析Google在安全检测上的设计，在源码基础上利用AOP手动封装属于自己的框架，以及AbstractProcessor调试方式,课程\移动开发\Android\Android9.0动态运行时权限源码分析及封装改造,中级," 2小时22分",9.73,5,10.0,10.0,9.2,http://www.imooc.com/learn/1153,http://www.imooc.com/course/list?page=3,2020-05-21 16:14:57
MAYA-绑定基础,模型制作," 教程主要是关于maya绑定基础的约束篇讲解",1500,本教程的主要内容是给大家讲解maya的绑定基础中，约束模块的讲解。在maya绑定里面，约束节点起到了一个非常重要的作用，我们可以通过约束节点，来控制物体的位移，旋转和缩放等效果。时至今日，Maya软件不断的在更新，并为绑定模块提供了10个约束节点。我们通过对这些节点的学习，能更好的完善绑定效果。,课程\UI设计&多媒体\模型制作\MAYA-绑定基础,入门," 1小时13分",10.00,3,10.0,10.0,10.0,http://www.imooc.com/learn/1065,http://www.imooc.com/course/list?page=6,2020-05-21 16:14:58
2小时上手SpringBoot,,"2小时上手SpringBoot，实战开发红包表白程序，体现程序员专属花式浪漫
",8775,,课程\后端开发\Java\2小时上手SpringBoot,初级," 2小时 0分",,,,,,http://www.imooc.com/course/introduction/id/1192,http://www.imooc.com/course/list?page=2,2020-05-21 16:14:58
Python 高性能 Web 框架 Tornado入门,PythonTornado," Tornado 入门以及如何用 Tornado 构建RESTful应用。",11503,Tornado以其微框架、高并发的特性，吸引了一批Pythonweb开发程序员。本课分为两部分，前半部分详细介绍Tornado的基础知识和主要模块，后半部分通过使用Tornado实现一个RESTful微服务，演示Tornado实际场景的用法。想了解更多pythonweb入坑指南相关内容可以关注老师知乎：https://www.zhihu.com/people/pegasus-wang/columns,课程\后端开发\Python\Python高性能Web框架Tornado入门,中级," 1小时12分",8.57,8,9.0,8.2,8.5,http://www.imooc.com/learn/1077,http://www.imooc.com/course/list?page=5,2020-05-21 16:14:58
MBE风格图标设计,设计基础,带你轻松读懂图标学会MBE风格图标设计,7452,图标是界面的窗口，图标设计是UI设计中非常重要的一环。本课程将通过对于MBE风格图标设计的学习，帮助你学会MBE风格图标的制作，更重要的是带大家一起了解图标设计的基础知识，解密纷繁复杂的图标视觉风格中的基本原理。,课程\UI设计&多媒体\设计基础\MBE风格图标设计,初级," 2小时10分",9.50,8,10.0,8.5,10.0,http://www.imooc.com/learn/1072,http://www.imooc.com/course/list?page=6,2020-05-21 16:14:59
Python数据预处理（三）- 文本特征向量化,Python自然语言处理,教会你使用Python数据预处理,2910,本课介绍数据预处理过程体系，包括数据类型与采集、文本转化与抽取、数据集成与规约、中文分词、数据清洗、特征提取与变换、特征向量化、特征降维、特征选择、可视化、词典模型、TF-IDF向量模型、主题模型等。,课程\后端开发\Python\Python数据预处理（三）-文本特征向量化,初级," 3小时36分",7.73,7,8.3,6.0,8.9,http://www.imooc.com/learn/1123,http://www.imooc.com/course/list?page=3,2020-05-21 16:14:59
React高级教程之高阶组件,React.JS,运用高阶组件编写高质量React应用,11681,高阶组件是React中一个很重要且比较复杂的概念，高阶组件在很多第三方库（如Redux）中都被经常使用。在项目中用好高阶组件，可以显著提高代码质量。,课程\前端开发\React.JS\React高级教程之高阶组件,高级," 1小时46分",8.70,23,8.4,8.7,9.0,http://www.imooc.com/learn/1075,http://www.imooc.com/course/list?page=6,2020-05-21 16:15:00
Springboot + ElasticSearch 构建博客检索系统,Java,Springboot + ElasticSearch 构建个人博客检索系统,9988,从实际需求分析开始，打造个人博客检索系统。内容涵盖ES安装、ES基本概念和数据类型、Mysql到ES数据同步、SpringBoot操作ES。通过本课，让学员对ES有一个初步认识，理解ES的一些适用场景，以及如何使用springboot来同ES进行交互。,课程\后端开发\Java\Springboot+ElasticSearch构建博客检索系统,中级," 2小时40分",9.70,17,9.6,9.6,9.9,http://www.imooc.com/learn/1161,http://www.imooc.com/course/list?page=2,2020-05-21 16:15:00
vuex基础入门,Vue.js前端工具,从0基础开始了解什么是vuex,27023,1、本课程主要讲解vuex是什么，怎么用，作为扩展知识进行了解，本课程不深入讲解vuex2、本课程适合0基础小白学习,课程\前端开发\Vue.js\vuex基础入门,中级," 1小时47分",8.53,35,8.5,8.6,8.5,http://www.imooc.com/learn/1157,http://www.imooc.com/course/list?page=3,2020-05-21 16:15:00
MUI+个推实现安卓与ios移动端推送,JavaSpringBoot,结合慕信轻聊Netty实战，整合个推到前端与后端，实现安卓与ios移动端推送,7289,本课程将结合慕信轻聊Netty实战，整合个推到前端与后端，实现安卓与ios移动端推送。,课程\后端开发\Java\MUI+个推实现安卓与ios移动端推送,初级,56分,9.60,13,9.4,9.4,10.0,http://www.imooc.com/learn/1074,http://www.imooc.com/course/list?page=6,2020-05-21 16:15:01
Keras入门,深度学习人工智能,深度学习快速入门最佳路径—Keras,8288,Keras是高度模块化，适合初学者使用的深度学习框架，是快速入门深度学习最佳路径。该课程介绍了人工智能及深度学习框架的发展历程，及Keras的基本使用方法，通过快速搭建DNN深度神经网络，实现图片的分类及数值回归预测。,课程\前沿技术\深度学习\Keras入门,初级," 2小时30分",9.60,19,9.6,9.2,10.0,http://www.imooc.com/learn/1046,http://www.imooc.com/course/list?page=7,2020-05-21 16:15:01
PHP秒杀设计,PHP,利用php+redis打造一个高性能的订单秒杀系统,7453,本课程会重点讲解不同并发量级的秒杀系统最佳实现方案，并结合秒杀系统的实现引出大型互联网公司是如何做到高并发高可用。,课程\后端开发\PHP\PHP秒杀设计,中级," 2小时30分",9.30,13,9.4,9.4,9.1,http://www.imooc.com/learn/1156,http://www.imooc.com/course/list?page=3,2020-05-21 16:15:02
2018 AWS技术峰会  自动化运维、微服务及容器技术分论坛,云计算,什么是 DevOps，DevOps 如何诞生。,3055,在本论坛中，您将了解到什么是DevOps，DevOps如何诞生，为何亚马逊会迁移至DevOps环境，并提供DevOps的最佳实践分享，DevOps如何衍生出微服务和容器的理念，及在AWS平台建设容器化管理环境的最佳实践分享。,课程\云计算&大数据\云计算\2018AWS技术峰会自动化运维、微服务及容器技术分论坛,高级," 1小时31分",9.67,4,10.0,10.0,9.0,http://www.imooc.com/learn/1071,http://www.imooc.com/course/list?page=6,2020-05-21 16:15:02
基于实例的 React16 傻瓜课程,React.JS,通过一系列简单有趣的例子，让你了解 React16 的基本概念和新特性,16608,你有多少次看了一些教程，想写代码的时候却发现无从开始？没有长篇大论的文档和PPT，正确的课程应该是完全基于实例，本课程用一系列有趣的、简洁明快的实例由浅入深的阐述了React的特色，概念和基本使用。同时进而引出了React16新的概念和用法。让没有任何React基础的人也能很快掌握核心概念并且应用于实际工作中。实战内容：https://coding.imooc.com/class/302.html,课程\前端开发\React.JS\基于实例的React16傻瓜课程,初级," 1小时50分",9.83,37,10.0,9.6,9.9,http://www.imooc.com/learn/1045,http://www.imooc.com/course/list?page=7,2020-05-21 16:15:02
Java从编程语言到编程思想,Java,Java从编程语言到编程模型，最后上升到编程思想,21544,Java从编程语言到编程思想。对于SpringBoot2.0感兴趣的同学，小马哥的课程已经上线，传送门如下：https://coding.imooc.com/class/252.html,课程\后端开发\Java\Java从编程语言到编程思想,入门," 2小时 0分",9.27,21,9.4,9.0,9.4,http://www.imooc.com/learn/1154,http://www.imooc.com/course/list?page=3,2020-05-21 16:15:02
给人工智能爱好者的PyTorch入门课,,Pytorch基础课程，两小时带你入门人工智能的世界！,2774,,课程\后端开发\Python\给人工智能爱好者的PyTorch入门课,初级," 2小时 4分",,,,,,http://www.imooc.com/course/introduction/id/1191,http://www.imooc.com/course/list?page=2,2020-05-21 16:15:03
Kafka流处理平台,Java大数据,作为模块解耦和大数据处理黏合剂的不二之选Kafka，你值得拥有！,27472,Kafka是目前主流的流处理平台，同时作为消息队列家族的一员，其高吞吐性作为很多场景下的主流选择。同时作为流处理平台，在大数据开发中，作为黏合剂串联各个系统。本课分为四大部分：第一部分介绍Kafka相关概念和基本信息；第二部分则从Kafka的结构出发，代领大家了解Kafka的设计与思想；第三部分则从实战出发，结合Kafka的应用场景，一步一步结合代码掌握Kafka的用法。最后，我们学习和探究Kafka的高级特性，融会贯通并争取可以在日常其他开发工作中使用Kafka给我们带来的技术能量。课程配套代码参考：https://github.com/AnAngryMan/KafkaSimpleExample,课程\后端开发\Java\Kafka流处理平台,中级," 1小时17分",8.33,38,8.0,8.4,8.6,http://www.imooc.com/learn/1043,http://www.imooc.com/course/list?page=7,2020-05-21 16:15:03
axios在vue中的使用,Vue.js,本课程介绍了如何在vue项目中优雅的使用Axios。,16531,本课程包含axios的基本数据请求，实例配置讲解以及在项目中的应用封装。,课程\前端开发\Vue.js\axios在vue中的使用,中级," 3小时43分",9.50,37,9.5,9.3,9.7,http://www.imooc.com/learn/1152,http://www.imooc.com/course/list?page=3,2020-05-21 16:15:03
基于LNMP的测试工具环境部署,测试自动化测试,完成LNMP环境的搭建，为你部署常见的测试管理工具所需环境奠定基石。,6426,LNMP通常是指Linux+Nginx+MySQL+PHP的简称。LNMP与LAMP相比，消耗资源更少，支持的并发连接，更高的效率，反向代理功能效率高、静态文件处理快等。本课程和您一起，手把手分别使用yum和源码安装配置LNMP环境，并部署常见的测试管理工具所需环境。,课程\运维&测试\测试\基于LNMP的测试工具环境部署,初级," 1小时56分",9.50,11,9.8,8.7,10.0,http://www.imooc.com/learn/1070,http://www.imooc.com/course/list?page=6,2020-05-21 16:15:04
Python最火爬虫框架Scrapy入门与实践,Python爬虫,做为爬虫工程师Python Scrapy主流爬虫框架你必须要会！,55796,"Scrapy，Python开发的一个快速,高层次的web抓取框架，用于抓取web站点并从页面中提取结构化的数据。Scrapy用途广泛，可以用于数据挖掘、监测和自动化测试。任何人都可以根据需求方便的修改。它也提供了多种类型爬虫的基类，如BaseSpider、sitemap爬虫等，最新版本又提供了web2.0爬虫的支持。本课程将带你入门并实践Scrapy框架！",课程\后端开发\Python\Python最火爬虫框架Scrapy入门与实践,初级," 1小时31分",9.53,51,9.7,9.5,9.4,http://www.imooc.com/learn/1017,http://www.imooc.com/course/list?page=8,2020-05-21 16:15:04
Golang微信小程序微商城系统原型,GoRedis,golang微信小程序微商城系统原型。,10789,本次课程就是围绕编程界火热的go语言，并结合微信小程序中的微商城系统讲起，从最根上就奠定了我们项目中技术选型的高度与市场发展的机遇。我们从小程序的市场发展前景进行分析，结合go语言高并发编程技术栈引出协程与通道的通信讲起，从阿里双十一购物节活动中的抢购场景来分析了商城系统抢购的一个简单的解决方案，并分析了和微商系统相关的三张核心的数据库表购物车表，商品表，订单表，并对微商城涉及到的优化方法进行了讲解，并快速了解小程序的基础知识，结合产品原型图与微信小程序实现了微商城系统的几个页面功能。,课程\前端开发\小程序\Golang微信小程序微商城系统原型,中级," 1小时55分",9.40,12,9.5,9.2,9.5,http://www.imooc.com/learn/1151,http://www.imooc.com/course/list?page=3,2020-05-21 16:15:04
前端面试加分福音--node基础,Node.js,从0开始学原生NodeJs,9738,系统的学习NodeJS的基础，熟练使用Node的核心API，了解node的运行过程，学会搭建自己的服务器，并实现我们常见的登录、注册功能，揭开后端开发的神秘面纱。,课程\前端开发\Node.js\前端面试加分福音--node基础,入门," 2小时36分",9.70,18,9.8,9.4,9.9,http://www.imooc.com/learn/1193,http://www.imooc.com/course/list?page=2,2020-05-21 16:15:05
Spring Boot 发送邮件,Java,通过这个课程你将学会如何通过 Spring Boot 设计邮件系统,12125,本课程为大家详细介绍了发送邮件的相关知识和原理，介绍了SpringBoot的基础使用，最后为大家演示了如何通过SpringBoot发送各种类型的邮件，掌握如何去设计一个邮件系统。,课程\后端开发\Java\SpringBoot发送邮件,中级," 1小时27分",9.40,36,9.8,9.1,9.3,http://www.imooc.com/learn/1036,http://www.imooc.com/course/list?page=7,2020-05-21 16:15:05
MAYA四足动画,动效动画,根据老师所讲步骤一步一步学会四足动画的创建,4874,掌握四足行走动画的动作分析与制作技巧。寻找四足行走与两足行走的相同之处。如何体现重量感。加深动画原理。,课程\UI设计&多媒体\动效动画\MAYA四足动画,入门," 1小时15分",8.67,4,8.0,8.0,10.0,http://www.imooc.com/learn/1001,http://www.imooc.com/course/list?page=8,2020-05-21 16:15:06
N种语言实现4版本告白神器,,"0基础秒学告白神器，VBS版、前端版、Java版、小程序版,4款神器各取所需
",5238,,课程\前端开发\HTML/CSS\N种语言实现4版本告白神器,入门," 3小时 0分",,,,,,http://www.imooc.com/course/introduction/id/1148,http://www.imooc.com/course/list?page=3,2020-05-21 16:15:06
带你走入前端动画的世界,JavaScriptjQuery,学习css3动画，并结合实际项目向大家展示应用技巧，使大家快速入门。,18649,课程主要讲解了css3动画基础，时间函数的应用，并且结合js开发优美的过渡效果，多方面结合，带领大家进入前端动画的大门。,课程\前端开发\HTML/CSS\带你走入前端动画的世界,入门," 2小时13分",9.93,15,9.9,9.9,10.0,http://www.imooc.com/learn/1190,http://www.imooc.com/course/list?page=2,2020-05-21 16:15:07
我的云音乐（四）,Android,高仿网易云音乐，从零开始开发一款专属自己的音乐APP。,4636,不仅能学到自定义控件、第三方框架、Realm数据库等知识点，最终还能完成一个炫酷的音乐APP。,课程\移动开发\Android\我的云音乐（四）,中级," 2小时50分",10.00,5,10.0,10.0,10.0,http://www.imooc.com/learn/1127,http://www.imooc.com/course/list?page=3,2020-05-21 16:15:07
Swift之基于CALayer的图形绘制,iOS,了解CoreAnimation框架，掌握CALayer绘制实现方式。,1806,本课主要讲解CoreAnimation框架，让大家掌握CALayer绘制实现方式。同时，根据所需知识完成一些圆形进度条的绘制。,课程\移动开发\iOS\Swift之基于CALayer的图形绘制,中级," 1小时 4分",7.50,4,7.5,7.5,7.5,http://www.imooc.com/learn/1015,http://www.imooc.com/course/list?page=8,2020-05-21 16:15:07
RabbitMQ消息中间件极速入门与实战,JavaSpringBoot,入门RabbitMQ，并整合SpringBoot2.x，实现100%消息的可靠性投递！,32059,本课程主要带大家快速入门RabbitMQ消息中间件基础，会带着小伙伴快速搭建环境，并进行核心基础的学习，之后整合springboot2.x，最后做一个在真正生产环境中的高可靠性投递消息的实战案例（代码详解）。,课程\后端开发\Java\RabbitMQ消息中间件极速入门与实战,中级," 2小时31分",8.97,44,9.4,8.6,8.9,http://www.imooc.com/learn/1042,http://www.imooc.com/course/list?page=7,2020-05-21 16:15:08
一课全面掌握主流CSS布局,,一网打尽CSS主流布局方案，一步掌握页面布局技巧.,3467,,课程\前端开发\HTML/CSS\一课全面掌握主流CSS布局,初级," 5小时 0分",,,,,,http://www.imooc.com/course/introduction/id/1189,http://www.imooc.com/course/list?page=2,2020-05-21 16:15:10
Caffe实战入门,人工智能深度学习,介绍Caffe的理论基础和实战经验，并通过用具体案例带大家快速上手Caffe,5388,本课程主要包括基础篇和实战篇两部分。基础篇主要介绍Caffe的基本知识点，包括：框架、基本概念、源码解读等；在实战篇中，介绍了标准层、配置文件、网络设计规则等，并通过设计一个卷积神经网来介绍Caffe的训练、测试等。实战课已经上线：https://coding.imooc.com/class/298.html，欢迎学习,课程\人工智能\Caffe实战入门,中级," 2小时14分",8.33,8,8.0,9.0,8.0,http://www.imooc.com/learn/1040,http://www.imooc.com/course/list?page=7,2020-05-21 16:15:10
Go开发企业级内容管理平台,Go,应用Go开发企业级通用内容管理平台，学以致用快速入门GO语言开发。,4933,在本课程中，将会带领大家应用Beego框架及其ORM模块，开发一个内容管理平台。项目会使用MVC架构，完成常见的登录、权限管理、菜单管理等模块。其中，内容管理模块采用通用化设计，在无需二次开发的前提下，可实现各种内容管理模块的添加，做到灵活高效。另，老师新作《Goweb快速开发+架构深度优化千万级PV读书社区Web高性能高并发实战》https://coding.imooc.com/class/403.html也上线啦，课程中会以开发在线读书社区为背景，讲解GoWeb的快速开发及性能优化，架构迭代，感兴趣的同学，可以关注一下，欢迎撒花拍砖~~,课程\后端开发\Go\Go开发企业级内容管理平台,中级," 4小时40分",8.50,12,8.7,8.5,8.3,http://www.imooc.com/learn/1162,http://www.imooc.com/course/list?page=2,2020-05-21 16:15:11
Sqoop入门实践,大数据,快速入门Sqoop从安装到定时增量同步的基本操作,5485,Sqoop是大数据时代下，数据同步的利器。我们今天开启的Sqoop课程将从Sqoop的安装、导入、导出、作业定制以及增量同步等方面进行讲解，让大家能够上手Sqoop的基本操作。,课程\云计算&大数据\大数据\Sqoop入门实践,入门,51分,10.00,8,10.0,10.0,10.0,http://www.imooc.com/learn/1044,http://www.imooc.com/course/list?page=6,2020-05-21 16:15:11
Retrofit网络库,Android,介绍Retrofit网络框架及其使用，并使用Retrofit完成用户登录案例。,7853,本门课将介绍什么是Retrofit，从Retrofit集成开始手把手带你学习Retrofit的使用，最后会使用Retrofit完成用户登录案例。,课程\移动开发\Android\Retrofit网络库,初级,32分,9.40,16,9.9,9.1,9.2,http://www.imooc.com/learn/1000,http://www.imooc.com/course/list?page=8,2020-05-21 16:15:11
Swift之网络常见术语,iOS,了解Swift网络客户端和服务端！,3802,本课程主要讲解Swift网络的常见术语，了解HTTPS、网络客户端、服务端以及socket。,课程\移动开发\iOS\Swift之网络常见术语,初级,27分,9.40,8,9.2,9.0,10.0,http://www.imooc.com/learn/1041,http://www.imooc.com/course/list?page=7,2020-05-21 16:15:12
深度学习之神经网络入门最佳路径,人工智能深度学习,深度学习之神经网络入门与Tensorflow基础实操,16774,本课程首先介绍机器学习与深度学习，包括机器学习的应用、岗位职责，深度学习的等。然后通过讲解神经元及其衍生模型逻辑斯底回归、目标函数、梯度下降等深度学习基础知识。最后通过Tensorflow来实现课程讲解的模型。实战课已经上线：https://coding.imooc.com/class/259.html，欢迎学习,课程\人工智能\深度学习之神经网络入门最佳路径,初级," 2小时14分",8.40,10,8.4,8.2,8.6,http://www.imooc.com/learn/1063,http://www.imooc.com/course/list?page=6,2020-05-21 16:15:13
MAYA- NURBS曲线建模,动效动画,MAYA—2017NURBS曲线以及曲面工具的介绍,1086,本课程主要介绍Maya建模中两大分支1.多边形建模2.NURBS建模中的NURBS建模，将带大家简单掠过1.两种建模的区别于联系3.NURBS中的曲线工具以及NURBS的曲面工具4.判断使用工具的时机与高级设置5.简单的快捷键以及视角的教学,课程\UI设计&多媒体\动效动画\MAYA-NURBS曲线建模,入门,59分,10.00,3,10.0,10.0,10.0,http://www.imooc.com/learn/1002,http://www.imooc.com/course/list?page=8,2020-05-21 16:15:13
Redis的Lua脚本编程,Redis,学会Redis的Lua脚本编程如何使用！,7318,本课程主要讲解Redis的Lua脚本编程是什么，为什么要使用该功能，以及该怎么使用该功能。并通过分布式锁、列表分片两个实战案例带大家学习。,课程\数据库\Redis\Redis的Lua脚本编程,初级," 1小时22分",8.57,13,8.3,9.1,8.3,http://www.imooc.com/learn/1039,http://www.imooc.com/course/list?page=7,2020-05-21 16:15:13
基于Vue2.6开发商城核心页面,,从零入门最新Vue商城项目，掌握一系列的Vue语法知识。,4078,,课程\前端开发\Vue.js\基于Vue2.6开发商城核心页面,中级," 4小时15分",,,,,,http://www.imooc.com/course/introduction/id/1187,http://www.imooc.com/course/list?page=2,2020-05-21 16:15:14
自然语言处理（NLP）入门与实践,自然语言处理机器学习,一步步教你轻松学习自然语言处理基础与实践。,11010,随着人工智能的快速发展，自然语言处理应用愈加广泛。本课首先对其发展历程、现状、技术体系、开发环境等概述。然后从数据准备、可视化、KNN算法模型、实际应用、sklearn算法改进等方面进行实战，旨在帮助大家轻松入门。,课程\前沿技术\自然语言处理\自然语言处理（NLP）入门与实践,初级," 2小时20分",9.17,16,9.1,9.2,9.2,http://www.imooc.com/learn/1069,http://www.imooc.com/course/list?page=6,2020-05-21 16:15:14
快速入门Web阅读器开发,Vue.js,带你了解电子书阅读器的工作原理，通过Vue.js快速实现Web阅读器,21248,通过本课程，大家可以了解电子书阅读器的基本工作原理及ePub格式电子书的解析原理，我会手把手带大家用Vue.js来实现一个手机阅读器，实现电子书的阅读功能，以及一些辅助功能，如翻页、字号设置、主题设置、阅读进度调整和电子书目录。本课程浅显易懂，配合实际应用案例，适合初学者和有一定前端知识的同学进行学习。,课程\前端开发\Vue.js\快速入门Web阅读器开发,中级," 2小时10分",9.10,57,9.3,8.6,9.4,http://www.imooc.com/learn/1038,http://www.imooc.com/course/list?page=7,2020-05-21 16:15:14
Android UiAutomator 2.0 入门实战,Android自动化测试,"零基础学习UiAutomator 2.0自动化测试,学会编写 Android 自动化测试用例",12562,零基础学习使用UiAutomator2.0自动化测试，了解框架知识，环境配置，通过学习UI自动化三要素，通过搜索条件（文件、ID、属性等）找到组件（按钮、图标、文本框等），操作组件（点击、长按、滑动、输入等），快速掌握编写Android自动化测试用例。,课程\移动开发\Android\AndroidUiAutomator2.0入门实战,入门," 1小时21分",9.43,13,9.7,8.8,9.8,http://www.imooc.com/learn/986,http://www.imooc.com/course/list?page=9,2020-05-21 16:15:14
社交类app设计入门,产品交互,结合案例带你详细透析社区产品交互设计,12826,本套课程结合实际案例讲解社区定义与用户需求、社区业务流程、社区重点模块以及社区原型设计,课程\UI设计&多媒体\产品交互\社交类app设计入门,初级," 1小时22分",8.80,16,8.2,8.8,9.4,http://www.imooc.com/learn/1068,http://www.imooc.com/course/list?page=6,2020-05-21 16:15:14
打造你的第一个ASP.NET Core MVC网站应用,C#,熟练掌握ASP.Net Core MVC的开发原则与使用方式,7493,ASP.NETCore带来了许多新功能，程序猿可以更轻松地构建应用程序了。在本课程“打造你的第一个ASP.NETCoreMVC网站应用”中，你将学习如何使用ASP.NETCore创建一个简单的网站。1.你将深入研究项目结构和项目文件，包括新的csproj项目文件。2.你将学习到如何使用MVC（模型，控制器和视图）模式创建页面。3.你将学习Razor的基本用法，并使用EntityFrameworkCore链接数据库。通过本课程的学习，你将会学习使用ASP.NETCoreMVC来从零开始创建一个网站应用，并对.net框架有更深入的理解。,课程\后端开发\C#\打造你的第一个ASP.NETCoreMVC网站应用,中级," 4小时10分",9.73,29,9.8,9.7,9.7,http://www.imooc.com/learn/1188,http://www.imooc.com/course/list?page=2,2020-05-21 16:15:15
redis计数器与数量控制,Redis,理解redis的设计目标、应用场景，redis的工作模式。,9084,介绍redis的设计目的，应用场景，redis的工作模式与优缺点；介绍redis常用的5种数据类型；介绍redis计数器相关命令；介绍如何用redis计数器实现并发场景下的精准数量控制。,课程\数据库\Redis\redis计数器与数量控制,入门,47分,9.67,29,9.8,9.4,9.8,http://www.imooc.com/learn/1067,http://www.imooc.com/course/list?page=6,2020-05-21 16:15:15
iOS开发之传感器,iOS,结合实际Demo演示并讲解加速度传感器及角速度传感器！,2613,本课程给大家补充介绍iOS中常见的传感器，并通过图解的方式详细介绍了加速度传感器以及角速度传感器。最后通过实际的Demo源码演示并分析整个实现的过程。,课程\移动开发\iOS\iOS开发之传感器,高级,20分,9.37,6,9.7,9.7,8.7,http://www.imooc.com/learn/979,http://www.imooc.com/course/list?page=9,2020-05-21 16:15:15
MAYA-灯光渲染（上）,模型制作,本课程将会从零基础带你了解MAYA基础默认灯。,2027,本课程内容将从基础带你了解渲染的基础灯光操作及应用，包含了maya默认灯光（聚光灯，平行光，面光源，点光源，环境光），在之后还讲解了当下流行的ar渲染器的应用及设置。,课程\UI设计&多媒体\模型制作\MAYA-灯光渲染（上）,入门," 1小时38分",9.67,6,9.3,10.0,9.7,http://www.imooc.com/learn/1033,http://www.imooc.com/course/list?page=7,2020-05-21 16:15:16
Go并发编程案例解析,Go,课程带你通过一个真实的线上日志监控系统学习Golang以及并发的编程思想。,12078,Golang作为21世纪的C语言，凭借其简单和高效，如今已经被越来越多的人当成主力编程语言，并发是Golang最大的优势，本门课程将带你一起去探索Golang并发的奥秘，除此之外，你还能学到Golang的面向对象，最终实现一个可在生产环境使用的高性能的日志监控系统。相信完成这门课程之后，你一定也会爱上Golang这门语言！,课程\后端开发\Go\Go并发编程案例解析,中级," 1小时58分",9.47,37,9.7,9.1,9.6,http://www.imooc.com/learn/982,http://www.imooc.com/course/list?page=9,2020-05-21 16:15:16
mobx入门基础教程,JavaScriptReact.JS,"mobx框架基础入门,使用mobx做状态管理",16657,介绍mobx框架的应用定位，基础API的使用，实例化的使用方法以及在工业场景中的最佳实践,课程\前端开发\JavaScript\mobx入门基础教程,入门," 1小时58分",9.63,28,9.8,9.4,9.7,http://www.imooc.com/learn/1012,http://www.imooc.com/course/list?page=8,2020-05-21 16:15:17
Java并发编程的“基石”——多线程概念初识,,开启并发世界大门，从搞定并发易混概念开始，迈好并发第一步,3541,,课程\后端开发\Java\Java并发编程的“基石”——多线程概念初识,入门," 2小时10分",,,,,,http://www.imooc.com/course/introduction/id/1186,http://www.imooc.com/course/list?page=2,2020-05-21 16:15:17
短信验证,PHP,带领大家掌握短信发送原理以及实战操作短信验证,18900,本课程的内容特色，通过新联建立的独立tp5项目，独立讲解短信验证使用，清晰明了，学会简单快速实现短信API接口的发送，注册会员登录，找回密码等功能,课程\后端开发\PHP\短信验证,中级,40分,7.97,21,8.2,8.2,7.5,http://www.imooc.com/learn/1024,http://www.imooc.com/course/list?page=7,2020-05-21 16:15:18
React知识点综合运用实例,React.JS,react综合案例操作，技能掌握更纯熟,16197,本套课程将带领大家完成一个综合实例操作，对前面所学的知识进行完美综合，使技能掌握更纯熟，对react更加深入的了解与掌握,课程\前端开发\React.JS\React知识点综合运用实例,高级," 1小时37分",9.50,20,9.7,9.0,9.8,http://www.imooc.com/learn/971,http://www.imooc.com/course/list?page=9,2020-05-21 16:15:18
用GO语言构建自己的区块链,Go区块链,区块链自己动手实现一把，啥都明白了。,18063,区块链通过将密码学、P2P网络、博弈论等各个学科放在一起，进行化学反应，形成具有去中心化、可追溯、不可攥改等特点的分布式系统。其与生俱来的去信任属性和自激励自金融的运作方式被越来越多的人接受与认可，被称为是价值互联网的基石，生产关系的重塑者。本课程从区块链的发展与现状开始讲起，分理论和实践两大部分，带你深入理解区块链的来龙去脉，为近一步从事区块链相关工作打下坚实的基础。,课程\后端开发\Go\用GO语言构建自己的区块链,初级," 1小时16分",9.57,25,9.5,9.6,9.6,http://www.imooc.com/learn/1011,http://www.imooc.com/course/list?page=8,2020-05-21 16:15:19
vue2.5入门,Vue.js,快速理解Vue编程理念上手Vue2.0开发。,116097,对于很多刚接触Vue的同学，最难做到的就是编程思路的切换，这门课程，我们将通过形象的例子给大家讲解Vue的基础语法及编程思路，带大家快速的上手Vue的基础开发，这门课也包含了关于组件话和vue-cli等内容的基础讲解。,课程\前端开发\Vue.js\vue2.5入门,中级," 2小时13分",9.60,293,9.8,9.5,9.5,http://www.imooc.com/learn/980,http://www.imooc.com/course/list?page=9,2020-05-21 16:15:19
Android性能优化之布局优化,Android,介绍如何从布局角度优化Android app性能,7591,"从Android系统屏幕UI刷新机制,布局的选择，优化标签的使用，原生View控件的优化等布局角度去讲解如何提高Android性能",课程\移动开发\Android\Android性能优化之布局优化,中级,34分,9.10,11,8.7,9.3,9.3,http://www.imooc.com/learn/1030,http://www.imooc.com/course/list?page=7,2020-05-21 16:15:20
装饰者模式,Java,一种组合型增强对象功能的设计模式，比java继承更加强大,4774,装饰者模式是java23种设计模式之一，英文叫DecoratorPattern，又叫装饰者模式。装饰模式是在不必改变原类文件和使用继承的情况下，动态地扩展一个对象的功能。它是通过创建一个包装对象，也就是装饰来包裹真实的对象改变了传统继承增强对象功能所带来的弊端,课程\后端开发\Java\装饰者模式,初级," 1小时47分",9.37,13,10.0,8.9,9.2,http://www.imooc.com/learn/1180,http://www.imooc.com/course/list?page=2,2020-05-21 16:15:20
Shiro安全框架入门,Java,从零入门Shiro安全框架,43039,本课程通过从shiro和springSecurity对比入手，进而讲解Shiro整体架构以及认证，授权的过程，通过结合代码带同学更深刻的认识Shiro。同时课程会讲解Shiro其他特性，比如：Session管理，缓存管理等，以及集成Spring在实际项目中应用Shiro，使同学能在未来自己做的项目中更加熟练的使用Shiro。,课程\后端开发\Java\Shiro安全框架入门,中级," 2小时20分",9.30,105,9.4,9.2,9.3,http://www.imooc.com/learn/977,http://www.imooc.com/course/list?page=9,2020-05-21 16:15:20
入门微信小程序开发,HTML/CSS,带你入门微信小程序开发，了解微信小程序的基本知识。,144719,讲解微信小程序的基本知识，如何注册，并开发一个自己的小程序，以及小程序开发过程中部分常见的问题。,课程\前端开发\HTML/CSS\入门微信小程序开发,中级," 1小时40分",9.47,167,9.7,9.1,9.6,http://www.imooc.com/learn/974,http://www.imooc.com/course/list?page=9,2020-05-21 16:15:21
MAYA动画入门课-飞机飞行,动效动画,掌握Maya动画基础操作命令并制作简单的动画飞机飞行,7241,学习Maya动画的基本原理，动画规律学习maya装配的基本原理、基本操作，飞机飞行案例,课程\UI设计&多媒体\动效动画\MAYA动画入门课-飞机飞行,初级,45分,9.20,5,10.0,8.0,9.6,http://www.imooc.com/learn/975,http://www.imooc.com/course/list?page=9,2020-05-21 16:15:22
电商banner设计制作,设计基础,本堂课讲解一个促销活动类电商banner的设计方法。,14846,学习如何设计促销类电商banner，通过真实案例的制作讲解banner的排版规范，构图形式以及图像的色彩搭配原理，以及字体的运用和图像的处理方式，同时会教软件操作的一些方法。更多实战课点击https://coding.imooc.com/class/199.html详细了解,课程\UI设计&多媒体\设计基础\电商banner设计制作,初级," 1小时26分",9.70,6,9.7,9.7,9.7,http://www.imooc.com/learn/976,http://www.imooc.com/course/list?page=9,2020-05-21 16:15:22
Crontab不知疲倦的时间表,Linux,Crontab不知疲倦的时间表,5571,本门课程老师通过案例详细讲解如何通过crontab设置周期性执行的任务。课程先从crontab入门讲起，讲解crontab的安装配置以及指令操作等，然后通过日志、备份数据库、备份源码、设置防火墙、调用Python脚本等案例进行讲解，最后讲解crontab在Jenkins上的扩展。,课程\运维&测试\Linux\Crontab不知疲倦的时间表,初级," 1小时40分",9.27,12,9.2,9.3,9.3,http://www.imooc.com/learn/1009,http://www.imooc.com/course/list?page=8,2020-05-21 16:15:22
Flutter开发第一步-Dart编程语言入门 ,AndroidiOS,Flutter开发语言-Dart编程入门，为大家上手及进阶Flutter打下坚实基础。,24901,"Flutter作为移动跨平台框架，无论是效率、质量及性能都有非常好的表现，前景不可估量。工欲善其事，必先利其器,Dart就是Flutter开发的利器，课程将从基础入门，带你一步一步打磨出手中的利器。实战课程：《Flutter从入门到进阶实战携程网App》课程地址：https://coding.imooc.com/class/321.html",课程\移动开发\Android\Flutter开发第一步-Dart编程语言入门,入门," 2小时20分",9.47,42,9.3,9.4,9.7,http://www.imooc.com/learn/1035,http://www.imooc.com/course/list?page=7,2020-05-21 16:15:23
MAYA-Polygon多边形建模,动效动画,熟练使用 Polygon多边形建模命令，并能动手制作简单的多边形模型,1754,过学习本套多边形基础建模教程，让每位学员快速掌握多边形物体的创建方式以及编辑技巧。通过对多边形建模命令的学习。让每个学员在本套教学中学有所获。轻松入门，快速制作出自己满意的作品,课程\UI设计&多媒体\动效动画\MAYA-Polygon多边形建模,入门,55分,9.80,7,10.0,10.0,9.4,http://www.imooc.com/learn/964,http://www.imooc.com/course/list?page=9,2020-05-21 16:15:23
移动web开发适配秘籍Rem,HTML/CSS,移动web不求人，全面掌握移动web开发rem适配方案。,34803,移动web开发适配的方案有许多，然而最好的方案一定要掌握。本课程主要讲解移动web开发中常见的适配方法，着重讲解使用rem方案的原理和使用方法，来进行移动web开发的适配工作，借助于实战页面让学者更加清晰的掌握实战工作中如何应用rem适配技术。推荐课程：《移动WebAPP开发之实战美团外卖》https://coding.imooc.com/class/272.html,课程\前端开发\HTML/CSS\移动web开发适配秘籍Rem,中级," 1小时 0分",9.37,73,9.1,9.5,9.5,http://www.imooc.com/learn/942,http://www.imooc.com/course/list?page=10,2020-05-21 16:15:24
Unity3D特效系统之基础篇,Unity 3D,华丽酷炫吊炸天的游戏特效究竟是如何做出来的？快让你的游戏DUANG起来~,9319,戏的特效就像孔雀的羽翼，总是能够第一时间夺人目光，从而让整个游戏产生极大的吸引力。本套课程就是通过对Unity特效系统由浅入深的分模块教学和诸多案例的讲解实现，来帮助大家理解特效相关的概念和原理，并掌握常见特效的实现方法。,课程\游戏\Unity3D\Unity3D特效系统之基础篇,初级," 1小时20分",10.00,6,10.0,10.0,10.0,http://www.imooc.com/learn/1016,http://www.imooc.com/course/list?page=7,2020-05-21 16:15:24
用Jenkins自动化搭建测试环境,自动化测试,利用Jenkins实现测试环境的一键自动化部署。,27637,"本课讲述了如何使用Jenkins做测试环境的自动化构建与部署，课程中的案例会利用Jenkins配合Git,Maven,Java,Tomcat,MySQL等语言与工具实现一个典型的互联网应用的自动化构建部署。",课程\运维&测试\自动化测试\用Jenkins自动化搭建测试环境,入门," 1小时21分",9.20,51,9.3,8.9,9.4,http://www.imooc.com/learn/1008,http://www.imooc.com/course/list?page=8,2020-05-21 16:15:25
Netty入门之WebSocket初体验,Java,由浅入深了解Java高性能NIO通信首选框架——Netty,25603,大数据背景下，对我们的系统性能提出了更高的要求，包括我们的数据存储和应用，都提出了性能上的需求，尤其是对IO通信方面，更是成为了大数据通信下的瓶颈，为此，我们对系统进行相关的分布式改造。那么，如何进一步提升我们的系统IO性能呢？这里，就为大家介绍大数据时代构建高可用分布式系统的利器——Netty,课程\后端开发\Java\Netty入门之WebSocket初体验,中级," 1小时20分",8.53,33,8.7,8.8,8.1,http://www.imooc.com/learn/941,http://www.imooc.com/course/list?page=10,2020-05-21 16:15:25
Python实现线性回归,Python人工智能,掌握python进行线性回归分析的原理及编程实践,24190,对于机器学习的入门学习者提供线性回归的原理讲解，在掌握原理的基础上，利用python实现最小二乘法或者梯度下降来进行线性回归分析。,课程\前沿技术\机器学习\Python实现线性回归,初级," 1小时 5分",8.83,29,9.0,8.9,8.6,http://www.imooc.com/learn/972,http://www.imooc.com/course/list?page=9,2020-05-21 16:15:25
web渗透测试入门,安全测试,简单轻松入门渗透测试,21258,本课程通过讲解暴力破解，上传漏洞等，并在讲解过程中详细分析漏洞形成原因及手把手带着大家给这些漏洞编写补丁代码。,课程\运维&测试\安全测试\web渗透测试入门,入门," 1小时15分",9.37,29,9.1,9.3,9.7,http://www.imooc.com/learn/1032,http://www.imooc.com/course/list?page=7,2020-05-21 16:15:26
MAYA-初识与基础操作,动效动画,本套课程针对零基础学员，帮助学员快速了解Maya轻松入门,4467,通过学习Maya2017软件基础教程，让学员快速了解Maya软件，学会如何安装，了解软件的应用领域。学习Maya2017软件常用菜单，工具架，工具栏等等。让每个学员快速了解和掌握软件，为以后的学习打下良好的基础......,课程\UI设计&多媒体\动效动画\MAYA-初识与基础操作,入门," 1小时12分",9.73,5,10.0,9.2,10.0,http://www.imooc.com/learn/963,http://www.imooc.com/course/list?page=9,2020-05-21 16:15:27
Android瀑布流图片显示,Android,Android瀑布流图片显示,8465,Android瀑布流图片显示,课程\移动开发\Android\Android瀑布流图片显示,初级," 1小时 3分",8.60,11,8.7,8.0,9.1,http://www.imooc.com/learn/872,http://www.imooc.com/course/list?page=10,2020-05-21 16:15:27
C4D基础入门案例,模型制作,C4D，设计师进军三维视界的必备技能,5381,C4D三维软件的认知、实践运用、学习难点剖析、渲染的基础设置、模型搭建、材质灯光设置、后期优化调整。,课程\UI设计&多媒体\模型制作\C4D基础入门案例,入门," 1小时15分",9.07,5,8.4,10.0,8.8,http://www.imooc.com/learn/1005,http://www.imooc.com/course/list?page=8,2020-05-21 16:15:27
python运维-Socket网络编程,Python运维,Socket网络编程入门,19860,使用Python完成Socket网络通讯，并且使用完成文件上传下载功能,课程\后端开发\Python\python运维-Socket网络编程,中级," 1小时27分",9.77,17,9.6,9.8,9.9,http://www.imooc.com/learn/1031,http://www.imooc.com/course/list?page=7,2020-05-21 16:15:27
PullToRefresh,Android,介绍APP中刷新和加载数据的解决方案，以及PullToRefresh框架如何使用,4657,APP中刷新和加载数据的解决方案，以及PullToRefresh框架的使用,课程\移动开发\Android\PullToRefresh,初级," 1小时 0分",9.40,12,9.2,9.7,9.3,http://www.imooc.com/learn/1006,http://www.imooc.com/course/list?page=8,2020-05-21 16:15:28
Ruff物联网应用开发入门,Android,Ruff物联网应用开发入门,8804,本课程将带大家打开Ruff物联网应用开发之门，首先会介绍Ruff最基础的内容和特性，然后介绍Ruff开发中的硬件控制部分，接着介绍Ruff开发中的联网操作，Ruff开发中如何集成互联网服务，最后对Ruff驱动开发进行简要入门知识讲解。,课程\移动开发\Android\Ruff物联网应用开发入门,初级," 2小时 6分",8.83,12,9.0,9.5,8.0,http://www.imooc.com/learn/958,http://www.imooc.com/course/list?page=9,2020-05-21 16:15:28
PhpStorm的基本应用,PHP,PHP开发者神器PhpStorm ,26893,PhpStorm是PHP集成开发工具，能提高我们的开发效率，提供智能代码补全，快速导航以及即时错误检查。,课程\后端开发\PHP\PhpStorm的基本应用,入门," 1小时 0分",8.10,57,7.8,8.4,8.1,http://www.imooc.com/learn/938,http://www.imooc.com/course/list?page=10,2020-05-21 16:15:28
个性化推荐算法实战入门必修课,机器学习算法与数据结构,带您初窥个性化推荐算法落地实战的门径,18740,当今互联网行业，无论在信息流，电商，o2o等产品中，个性化推荐算法都在其中扮演着极其重要的角色。本课程结合我多年工业界实战经验，给大家讲述工业界推荐算法的大体架构，以及个性化召回算法的几种工业界落地架构。并选取一种相对快速接受的算法协同过滤来从理论公式与代码落地的角度，完成实战个性化推荐算法。学完本教程大家可以继续学习实战教程《BAT大牛亲授--个性化推荐算法实战》该课程不仅能让你有归纳抽象总揽全局，设计项目算法架构的视野，同时也可以让你掌握算法公式，模型参数迭代等技术的最微小细节。最终让你掌握一套完整的，能落地的个性化推荐算法体系！链接https://coding.imooc.com/class/297.html,课程\前沿技术\机器学习\个性化推荐算法实战入门必修课,中级," 2小时24分",9.33,13,9.4,9.1,9.5,http://www.imooc.com/learn/1029,http://www.imooc.com/course/list?page=7,2020-05-21 16:15:29
iris+xorm Go语言开发球星库,Go,iris和xorm快速构建Web应用，Go设计开发球星库系统。,6193,Go语言兴起的原因是因为在现在的网络编程中，可以提供更高的并发能力，更好的性能以及更好的开发效率。而球星库系统是一个常见的数据库类产品，比如：汽车库、商品库、明星库等类似的库类系统。利用Go语言的优势，课程中详细讲解了如何使用iris和xorm来快速构建一个Web应用，同时一步一步引导大家从0开始来创建和开发一个完整的球星库系统。最后还有丰富的压力测试和性能优化对比，为大家在高性能高并发的技术升级道路上提供助力。课程代码可以参考https://github.com/yz124/superstar课程对应实战课程https://coding.imooc.com/class/295.html,课程\后端开发\Go\iris+xormGo语言开发球星库,中级," 2小时12分",9.10,12,8.8,8.7,9.8,http://www.imooc.com/learn/1066,http://www.imooc.com/course/list?page=6,2020-05-21 16:15:30
项目上线流程,Linux前端工具,带领大家实现一个网站的上线流程。,29408,本课程主要讲解了一个项目想要发布到公网的流程，包括服务器的购买、以及域名的购买，以及需要注意的事项。,课程\运维&测试\Linux\项目上线流程,中级,46分,9.63,75,9.7,9.5,9.7,http://www.imooc.com/learn/1004,http://www.imooc.com/course/list?page=8,2020-05-21 16:15:30
iOS开发之网络协议,iOS,了解HTTP发展历程，熟悉网络工作流程！,5065,本课程主要带大家了解HTTP的发展历程，熟悉HTTP的工作流程。并且还会给大家讲解HTTPS和HTTP的区别，以及HTTPS的安全性，熟悉加密算法的一个流程。,课程\移动开发\iOS\iOS开发之网络协议,初级," 1小时 2分",9.80,10,9.8,10.0,9.6,http://www.imooc.com/learn/969,http://www.imooc.com/course/list?page=9,2020-05-21 16:15:30
iOS手机深度学习,iOS,初识手机深度学习，掌握更高级研发技能。,6032,了解深度学习的应用场景，以及常用的一些函数，并通过简单案例初步尝试手机深度学习。,课程\移动开发\iOS\iOS手机深度学习,高级," 1小时55分",9.50,4,9.5,9.0,10.0,http://www.imooc.com/learn/1027,http://www.imooc.com/course/list?page=7,2020-05-21 16:15:30
Vue+Webpack打造todo应用,前端工具Vue.js,用前端最热门框架Vue+最火打包工具Webpack打造todo应用,73769,本课程基于一个TODO示例应用讲解VUE2的基本使用以及如何搭建一个vue的工程。首先通过webpack我们搭建了一个完善的vue的workflow，然后围绕功能实现讲解vue的使用，并介绍了vue的.vue文件以及jsx的开发模式。对应实战课已经上线：https://coding.imooc.com/class/196.html，欢迎学习,课程\前端开发\前端工具\Vue+Webpack打造todo应用,高级," 2小时23分",9.43,168,9.7,9.3,9.3,http://www.imooc.com/learn/935,http://www.imooc.com/course/list?page=10,2020-05-21 16:15:31
Springboot 微信小程序 – 微信登录功能实战,JavaSpringBoot,简单实现在小程序中对使用微信登录的方式来登录小程序应用,40573,通过学习本课程可以掌握如何使用微信api，如何使用httpClient工具跨服务器调用微信url，掌握如何解析string到自己封装的model，掌握自定义会话保存至redis,课程\后端开发\Java\Springboot微信小程序–微信登录功能实战,初级,54分,8.93,35,9.4,8.1,9.3,http://www.imooc.com/learn/1059,http://www.imooc.com/course/list?page=6,2020-05-21 16:15:31
从零做一个前端开源项目,JavaScript,带你从零开始做一个前端开源项目，创建 github 主页、npm 主页和官网。,43142,做出一个优秀的开源作品，是所有前端程序员都引以为豪的事情，本课程将带你从零开始做一个完整的前端开源作品。包括开源作品的内容，做什么方向的项目更容易被关注，如何正确注册github账号，如何提交和升级代码，如何写文档并制作官网，最后介绍作者持续运维开源项目的一些经验。,课程\前端开发\JavaScript\从零做一个前端开源项目,高级," 2小时 0分",9.53,26,9.6,9.5,9.5,http://www.imooc.com/learn/1003,http://www.imooc.com/course/list?page=8,2020-05-21 16:15:31
MAYA-角色走跑动画,动效动画模型制作,利用动画知识制作走跑行为,4237,用手动关键帧的方法，对照图片，做标准走路动作,课程\UI设计&多媒体\动效动画\MAYA-角色走跑动画,入门," 1小时13分",10.00,3,10.0,10.0,10.0,http://www.imooc.com/learn/1057,http://www.imooc.com/course/list?page=6,2020-05-21 16:15:31
HBase 存储原理剖析,大数据Hadoop,从底层存储架构分析HBase存储数据的原理,13768,本课程由浅到深的对HBase的存取数据原理进行分析介绍，从基础存储数据到元数据，再到数据在系统中的组织形式依次进行详细的分析，理清整个HBase系统的运行原理，老师的新实战课《基于SpringCloud微服务架构下的广告系统设计与实现》也已经火热上线啦，有兴趣的小伙伴千万不要错过：https://coding.imooc.com/class/310.html,课程\后端开发\SpringBoot\HBase存储原理剖析,高级," 2小时 0分",8.90,8,9.2,8.0,9.5,http://www.imooc.com/learn/996,http://www.imooc.com/course/list?page=8,2020-05-21 16:15:33
Android性能优化之图片优化,Android,本次课为大家介绍android中如何进行图片的优化。,5364,通过本次课可以学会图片优化的几种方法，解决Android面试中图片优化的相关问题，并且学会开发一个Android照片墙案例。,课程\移动开发\Android\Android性能优化之图片优化,中级,53分,9.73,20,9.9,9.4,9.9,http://www.imooc.com/learn/1060,http://www.imooc.com/course/list?page=6,2020-05-21 16:15:33
基于SpringBoot  十分钟搞定后台管理平台,JavaSpringBoot,大道至简之Guns框架介绍，带你领略代码自动生成,36727,"大道至简系列课程，旨在为大家指明技术发展路径，以实际项目为背景，阐述“那些年""遇到的""坑""，并从零到实战逐步""排雷""。本次课程作为大道至简的基础篇，会为大家阐述Guns框架的，并且带领大家，在较短的时间内，快速搭建一个属于个人的后台管理系统，并且帮助大家完成快速开发的过程。老师主讲的进阶课程《打造仿猫眼项目以Dubbo为核心解锁微服务》已上线https://coding.imooc.com/class/273.html，有兴趣的小伙伴可以来学习下",课程\后端开发\Java\基于SpringBoot十分钟搞定后台管理平台,中级," 1小时46分",9.60,45,9.6,9.6,9.6,http://www.imooc.com/learn/936,http://www.imooc.com/course/list?page=10,2020-05-21 16:15:33
Python制作数据分析工具,Python深度学习,用Python制作一个高效的数据诊断工具,25791,数据诊断是数据挖掘和机器学习的第一步，然而却被很多人忽略掉了。如果对数据本身不了解的话，容易受到严谨的业务人的挑战，同时，如果缺少了数据诊断的步骤，会增加后面数据预处理的难度，从而影响最终模型的效果。因此，本课程教授大家如何制作一个高效的，复用性高的，让人更好地理解数据本身的数据诊断工具。,课程\前沿技术\机器学习\Python制作数据分析工具,初级," 1小时10分",9.50,17,9.4,9.5,9.6,http://www.imooc.com/learn/937,http://www.imooc.com/course/list?page=10,2020-05-21 16:15:34
MongoDB 4.0新特性,MongoDBNoSql,介绍MongoDB 4.0推出的核心新特性,8985,本课程介绍了MongoDB4.0推出的几大核心新特性，理论结合实例。与课程关联实战课正式与慕粉们见面，希望得到大家的关注和喜爱。1、玩转MongoDB4.0：https://coding.imooc.com/class/324.html.2、JavaIO三剑客之BIO/NIO/AIO：https://coding.imooc.com/class/chapter/381.html#Anchor致慕课网各位忠实Fans的一封信：经过几个月的精心策划和筹备，我们家“傻儿子+丑闺女”-《玩转MongoDB4.0》、《JavaIO三剑客之BIO/NIO/AIO》终于在准时与各位慕粉见面。所谓“父母之爱子则为之计深远”，为“孩子”远大前程，特地为其【聚人气】，希望慕粉们喜爱他，认他为干儿子干闺女干兄弟姐妹，有你们的一起支持，他一定会更优秀。,课程\数据库\MongoDB\MongoDB4.0新特性,中级," 1小时10分",8.87,11,9.5,8.4,8.7,http://www.imooc.com/learn/1026,http://www.imooc.com/course/list?page=7,2020-05-21 16:15:34
