机型,链接,主题,发表者,发表时间,总回复,总查看,最后回复者,最后回复时间,当前链接,上级链接,下载时间
,http://bbs.zol.com.cn//sjbbs/d544_78653.html,大神教教怎么恢复越狱1,qq_dt9qn,2015-08-20,2,319,qq_dt9qn,2015-08-21,http://bbs.zol.com.cn/sjbbs/d544_p242.html#c,,2020-03-10 10:13:07
,http://bbs.zol.com.cn//sjbbs/d544_78666.html,求教,chengleioo00,2015-08-21,0,171,chengleioo00,2015-08-21,http://bbs.zol.com.cn/sjbbs/d544_p242.html#c,,2020-03-10 10:13:07
,http://bbs.zol.com.cn//sjbbs/d544_78665.html,5s换屏幕多少钱,jiy3px,2015-08-21,0,133,jiy3px,2015-08-21,http://bbs.zol.com.cn/sjbbs/d544_p242.html#c,,2020-03-10 10:13:07
,http://bbs.zol.com.cn//sjbbs/d544_78608.html,性价比神机，日版iPhone6/6P。打造iPhone平民话1,sina_018441e1ts,2015-08-17,2,435,hsxq,2015-08-21,http://bbs.zol.com.cn/sjbbs/d544_p242.html#c,,2020-03-10 10:13:07
,http://bbs.zol.com.cn//sjbbs/d544_32484.html,4s有可能破解ID吗1,qq_375231q489e651m,2014-11-12,1,69,qq_8e3069730414,2015-08-21,http://bbs.zol.com.cn/sjbbs/d544_p242.html#c,,2020-03-10 10:13:07
,http://bbs.zol.com.cn//sjbbs/d544_78640.html,6P 帮忙估价。。。。1,qq_g2les,2015-08-19,2,392,15668629454,2015-08-21,http://bbs.zol.com.cn/sjbbs/d544_p242.html#c,,2020-03-10 10:13:07
苹果iPhone 5S,http://bbs.zol.com.cn//sjbbs/d544_78650.html,苹果iPhone 5S急急急急急急！！！！！求大仙指点迷津    ！！！...1,qq_409710n12o04,2015-08-20,3,331,沐风Y,2015-08-20,http://bbs.zol.com.cn/sjbbs/d544_p242.html#c,,2020-03-10 10:13:07
苹果iPhone 6,http://bbs.zol.com.cn//sjbbs/d544_78472.html,苹果iPhone 6我们的征途是星辰大海——iWALK多飞豚车充使用微体...1,xm9mn8,2015-08-06,2,433,qq_2q48922dwk3r,2015-08-20,http://bbs.zol.com.cn/sjbbs/d544_p242.html#c,,2020-03-10 10:13:07
苹果iPhone 5S,http://bbs.zol.com.cn//sjbbs/d544_78654.html,苹果iPhone 5SXY苹果助手:iPhone6s材质确认 抗压性倍增,anne961,2015-08-20,0,209,anne961,2015-08-20,http://bbs.zol.com.cn/sjbbs/d544_p242.html#c,,2020-03-10 10:13:07
苹果iPhone 5S,http://bbs.zol.com.cn//sjbbs/d544_73.html,苹果iPhone 5SiOS7.1.1完美越狱教程小白篇【亲测】3,星空小宇,2014-06-25,54,18219,9tnh9z,2015-08-20,http://bbs.zol.com.cn/sjbbs/d544_p242.html#c,,2020-03-10 10:13:07
苹果iPhone 6 ...,http://bbs.zol.com.cn//sjbbs/d544_78651.html,苹果iPhone 6 ...据说是新出的一款苹果发光数据线你们知道吗？1,hpc8br,2015-08-20,2,554,hbffaa,2015-08-20,http://bbs.zol.com.cn/sjbbs/d544_p242.html#c,,2020-03-10 10:13:07
苹果iPhone 6 ...,http://bbs.zol.com.cn//sjbbs/d544_78515.html,苹果iPhone 6 ...iPhone必须掌握的几个日常使用技巧1,hpc8br,2015-08-10,4,1140,s61lt43x45188c1,2015-08-20,http://bbs.zol.com.cn/sjbbs/d544_p242.html#c,,2020-03-10 10:13:07
苹果iPhone 6,http://bbs.zol.com.cn//sjbbs/d544_35560.html,苹果iPhone 6我的国行iPhone6plus机身顶部接缝有异响咋回事啊！...1,qq_19k891h4u1ry,2014-12-10,4,1227,s61lt43x45188c1,2015-08-20,http://bbs.zol.com.cn/sjbbs/d544_p242.html#c,,2020-03-10 10:13:07
苹果iPhone 4,http://bbs.zol.com.cn//sjbbs/d544_11932.html,苹果iPhone 4呀呀呸！爱疯哥诅咒仇富者一辈子穷酸！再花一万三，...181,aol2010,2010-07-01,3615,168412,baidu_0014438m6,2015-08-20,http://bbs.zol.com.cn/sjbbs/d544_p242.html#c,,2020-03-10 10:13:07
苹果iPhone 4,http://bbs.zol.com.cn//sjbbs/d544_17261.html,苹果iPhone 4J.Wong速来，M8歇菜！爱疯哥告诉你为什么iPhone4是...144,aol2010,2010-07-05,2869,95533,baidu_0014438m6,2015-08-20,http://bbs.zol.com.cn/sjbbs/d544_p242.html#c,,2020-03-10 10:13:07
苹果iPhone 6,http://bbs.zol.com.cn//sjbbs/d544_78596.html,苹果iPhone 6苹果售后把我手机扣了！！！见鬼了1,qq_o896212148cw,2015-08-16,4,644,深拥梦、,2015-08-20,http://bbs.zol.com.cn/sjbbs/d544_p242.html#c,,2020-03-10 10:13:07
苹果iPhone 6 ...,http://bbs.zol.com.cn//sjbbs/d544_78603.html,苹果iPhone 6 ...不会这四个技巧，别和我说你用过iPhone1,hpc8br,2015-08-17,3,1333,mythxp,2015-08-19,http://bbs.zol.com.cn/sjbbs/d544_p242.html#c,,2020-03-10 10:13:07
苹果iPhone 5S,http://bbs.zol.com.cn//sjbbs/d544_36107.html,"苹果iPhone 5S美版5s用了一年,版本更新到8.1.2,现在提示SIM卡无...1",qq_7811ed13h13y,2014-12-15,9,1806,q462139197,2015-08-19,http://bbs.zol.com.cn/sjbbs/d544_p242.html#c,,2020-03-10 10:13:07
苹果iPhone 4S,http://bbs.zol.com.cn//sjbbs/d544_32049.html,苹果iPhone 4S我的4S不认卡了 求救！！！1,cyzer,2014-11-05,10,1026,q462139197,2015-08-19,http://bbs.zol.com.cn/sjbbs/d544_p242.html#c,,2020-03-10 10:13:07
苹果iPhone 5S,http://bbs.zol.com.cn//sjbbs/d544_9631.html,苹果iPhone 5Siphone 5S 瞬间16G变32G——【zsun wifi无线U盘开...3,apple_fans999,2014-05-21,59,6799,qq_96l361145537,2015-08-19,http://bbs.zol.com.cn/sjbbs/d544_p242.html#c,,2020-03-10 10:13:07
,http://bbs.zol.com.cn//sjbbs/d544_78639.html,苹果手机跳屏,qq_69v17xv21c35,2015-08-19,0,277,qq_69v17xv21c35,2015-08-19,http://bbs.zol.com.cn/sjbbs/d544_p242.html#c,,2020-03-10 10:13:07
苹果iPhone 5S,http://bbs.zol.com.cn//sjbbs/d544_78632.html,苹果iPhone 5S请教1,心会笑,2015-08-19,1,236,s61lt43x45188c1,2015-08-19,http://bbs.zol.com.cn/sjbbs/d544_p242.html#c,,2020-03-10 10:13:07
苹果iPhone 5S,http://bbs.zol.com.cn//sjbbs/d544_78625.html,苹果iPhone 5S不仅仅是颜值高——iWALK爱沃可口袋宝移动电源体验1,dsb01s,2015-08-18,2,448,d7na1803b5,2015-08-19,http://bbs.zol.com.cn/sjbbs/d544_p242.html#c,,2020-03-10 10:13:07
苹果iPhone 6 ...,http://bbs.zol.com.cn//sjbbs/d544_78555.html,苹果iPhone 6 ...(转帖)旧手机的几大危害，你知道多少？1,hpc8br,2015-08-13,3,569,s61lt43x45188c1,2015-08-19,http://bbs.zol.com.cn/sjbbs/d544_p242.html#c,,2020-03-10 10:13:07
,http://bbs.zol.com.cn//sjbbs/d544_78629.html,苹果手机1,qq_mwq9h,2015-08-18,2,29,s61lt43x45188c1,2015-08-19,http://bbs.zol.com.cn/sjbbs/d544_p242.html#c,,2020-03-10 10:13:07
苹果iPhone 5S,http://bbs.zol.com.cn//sjbbs/d544_74552.html,苹果iPhone 5S年前入手的5s怎么最近老是屏幕失灵，怎么办？1,yh7823,2015-05-05,2,298,沐风Y,2015-08-19,http://bbs.zol.com.cn/sjbbs/d544_p242.html#c,,2020-03-10 10:13:07
苹果iPhone 6 ...,http://bbs.zol.com.cn//sjbbs/d544_78390.html,苹果iPhone 6 ...Apple告诉你卖掉iPhone/iPad前注意事项1,hpc8br,2015-07-30,2,903,15668629454,2015-08-19,http://bbs.zol.com.cn/sjbbs/d544_p242.html#c,,2020-03-10 10:13:07
苹果iPhone 6,http://bbs.zol.com.cn//sjbbs/d544_78575.html,苹果iPhone 6苹果iOS 8.4.1正式版今日发布1,anne961,2015-08-14,1,177,15668629454,2015-08-19,http://bbs.zol.com.cn/sjbbs/d544_p242.html#c,,2020-03-10 10:13:07
,http://bbs.zol.com.cn//sjbbs/d544_61274.html,iPhone5c锁屏时间不走，wifi不1,梦变幻,2015-03-14,3,1024,qq_i43944818q93,2015-08-19,http://bbs.zol.com.cn/sjbbs/d544_p242.html#c,,2020-03-10 10:13:07
苹果iPhone 5S,http://bbs.zol.com.cn//sjbbs/d544_78580.html,苹果iPhone 5SiOS8.4.1正式版发布，封堵越狱漏洞1,anne961,2015-08-14,1,141,15668629454,2015-08-19,http://bbs.zol.com.cn/sjbbs/d544_p242.html#c,,2020-03-10 10:13:07
,http://bbs.zol.com.cn//sjbbs/d544_78582.html,ios8.4.1新bug1,sina_0bxrd,2015-08-14,1,269,15668629454,2015-08-19,http://bbs.zol.com.cn/sjbbs/d544_p243.html#c,,2020-03-10 10:13:07
,http://bbs.zol.com.cn//sjbbs/d544_78630.html,苹果5c,qq_u96un,2015-08-18,0,64,qq_u96un,2015-08-18,http://bbs.zol.com.cn/sjbbs/d544_p243.html#c,,2020-03-10 10:13:07
苹果iPhone 4S,http://bbs.zol.com.cn//sjbbs/d544_24447.html,苹果iPhone 4S【iphone铃声】黑魔女学园 OP铃声 M4R格式2,beiwenting,2012-04-11,21,675,qq_gg3wo,2015-08-18,http://bbs.zol.com.cn/sjbbs/d544_p243.html#c,,2020-03-10 10:13:07
苹果iPhone 6,http://bbs.zol.com.cn//sjbbs/d544_78615.html,苹果iPhone 6苹果6那个颜色好看1,qq_bvmtw,2015-08-18,3,544,qq_gg3wo,2015-08-18,http://bbs.zol.com.cn/sjbbs/d544_p243.html#c,,2020-03-10 10:13:07
,http://bbs.zol.com.cn//sjbbs/d544_78627.html,苹果iOS9.1开始测试 或为iPad Pro服务,iy7ndt,2015-08-18,0,162,iy7ndt,2015-08-18,http://bbs.zol.com.cn/sjbbs/d544_p243.html#c,,2020-03-10 10:13:07
,http://bbs.zol.com.cn//sjbbs/d544_78624.html,怎么辨别苹果6P的真伪啊！！求解答,qq_da35o,2015-08-18,0,992,qq_da35o,2015-08-18,http://bbs.zol.com.cn/sjbbs/d544_p243.html#c,,2020-03-10 10:13:07
苹果iPhone 6,http://bbs.zol.com.cn//sjbbs/d544_78623.html,苹果iPhone 6Apple Watch销量下跌？然而并没什么影响,anne961,2015-08-18,0,127,anne961,2015-08-18,http://bbs.zol.com.cn/sjbbs/d544_p243.html#c,,2020-03-10 10:13:07
苹果iPhone 5S,http://bbs.zol.com.cn//sjbbs/d544_78564.html,苹果iPhone 5SA1528 运营商版本18.0 手机版本8.1.2 怎么用移动4G...1,qq_3429j280714m,2015-08-13,4,396,s61lt43x45188c1,2015-08-18,http://bbs.zol.com.cn/sjbbs/d544_p243.html#c,,2020-03-10 10:13:07
,http://bbs.zol.com.cn//sjbbs/d544_78605.html,苹果日版1,aonos,2015-08-17,3,306,aonos,2015-08-18,http://bbs.zol.com.cn/sjbbs/d544_p243.html#c,,2020-03-10 10:13:07
苹果iPhone 5S,http://bbs.zol.com.cn//sjbbs/d544_78621.html,苹果iPhone 5SiOS9.1现身网络 苹果内部正在测试,anne961,2015-08-18,0,143,anne961,2015-08-18,http://bbs.zol.com.cn/sjbbs/d544_p243.html#c,,2020-03-10 10:13:07
苹果iPhone 4S,http://bbs.zol.com.cn//sjbbs/d544_78611.html,苹果iPhone 4S求高手指点1,sina_221ke9834g,2015-08-17,1,227,s58n35f35c,2015-08-18,http://bbs.zol.com.cn/sjbbs/d544_p243.html#c,,2020-03-10 10:13:07
苹果iPhone 5S,http://bbs.zol.com.cn//sjbbs/d544_78590.html,苹果iPhone 5S怎样才不会买到苹果5s翻新机？？？1,沐风Y,2015-08-16,12,857,qq_958511r79v62410,2015-08-18,http://bbs.zol.com.cn/sjbbs/d544_p243.html#c,,2020-03-10 10:13:07
,http://bbs.zol.com.cn//sjbbs/d544_78616.html,苹果,qq_99o51t6658i1,2015-08-18,0,147,qq_99o51t6658i1,2015-08-18,http://bbs.zol.com.cn/sjbbs/d544_p243.html#c,,2020-03-10 10:13:07
,http://bbs.zol.com.cn//sjbbs/d544_78614.html,苹果,qq_99o51t6658i1,2015-08-18,0,139,qq_99o51t6658i1,2015-08-18,http://bbs.zol.com.cn/sjbbs/d544_p243.html#c,,2020-03-10 10:13:07
,http://bbs.zol.com.cn//sjbbs/d544_78613.html,有哪位兄弟帮忙查下这台5S的真伪1,qq_1z8943452433,2015-08-18,1,211,qq_5k211774250261e,2015-08-18,http://bbs.zol.com.cn/sjbbs/d544_p243.html#c,,2020-03-10 10:13:07
苹果iPhone 5S,http://bbs.zol.com.cn//sjbbs/d544_30732.html,苹果iPhone 5S苹果5s电池用量待机时间和用量时间一样1,qq_1341r59472x7542,2014-10-25,2,3129,qq_257g5s36a4b1,2015-08-17,http://bbs.zol.com.cn/sjbbs/d544_p243.html#c,,2020-03-10 10:13:07
,http://bbs.zol.com.cn//sjbbs/d544_78610.html,求解答..急急急,qq_7bn290301698,2015-08-17,0,17,qq_7bn290301698,2015-08-17,http://bbs.zol.com.cn/sjbbs/d544_p243.html#c,,2020-03-10 10:13:07
,http://bbs.zol.com.cn//sjbbs/d544_78602.html,iOS 9新特性回顾1,iy7ndt,2015-08-17,1,387,xihgsrq254,2015-08-17,http://bbs.zol.com.cn/sjbbs/d544_p243.html#c,,2020-03-10 10:13:07
,http://bbs.zol.com.cn//sjbbs/d544_13463.html,霸气外漏！iTools增大你的苹果容量 緩存清理妙招大公开1,shealyn,2012-06-27,4,1672,qq_84991v1468g0,2015-08-17,http://bbs.zol.com.cn/sjbbs/d544_p243.html#c,,2020-03-10 10:13:07
苹果iPhone 6 ...,http://bbs.zol.com.cn//sjbbs/d544_45396.html,苹果iPhone 6 ...肾六的同志们千万不要升级系统啊 坑爹啊！！！1,0e174z3k8s403a1,2015-01-15,15,7082,hpc8br,2015-08-17,http://bbs.zol.com.cn/sjbbs/d544_p243.html#c,,2020-03-10 10:13:07
,http://bbs.zol.com.cn//sjbbs/d544_78597.html,难道现在iPhone6s在美国有卖了？  1,qq_79i655v6164j2l6,2015-08-16,2,546,qq_79i655v6164j2l6,2015-08-17,http://bbs.zol.com.cn/sjbbs/d544_p243.html#c,,2020-03-10 10:13:07
,http://bbs.zol.com.cn//sjbbs/d544_78578.html,谁会解苹果激活id 加我1,qq_mkau1,2015-08-14,2,284,1fsdah,2015-08-16,http://bbs.zol.com.cn/sjbbs/d544_p243.html#c,,2020-03-10 10:13:07
苹果iPhone 5S,http://bbs.zol.com.cn//sjbbs/d544_78586.html,苹果iPhone 5S手机又沙沙声1,qq_2349637kix39,2015-08-15,2,333,1fsdah,2015-08-16,http://bbs.zol.com.cn/sjbbs/d544_p243.html#c,,2020-03-10 10:13:07
苹果iPhone 5S,http://bbs.zol.com.cn//sjbbs/d544_78591.html,苹果iPhone 5S苹果5s哪个版本好？,沐风Y,2015-08-16,0,534,沐风Y,2015-08-16,http://bbs.zol.com.cn/sjbbs/d544_p243.html#c,,2020-03-10 10:13:07
,http://bbs.zol.com.cn//sjbbs/d544_78588.html,iPhone6 siri 说话无响应,听说_33,2015-08-15,0,179,听说_33,2015-08-15,http://bbs.zol.com.cn/sjbbs/d544_p243.html#c,,2020-03-10 10:13:07
苹果iPhone 5S,http://bbs.zol.com.cn//sjbbs/d544_9185.html,苹果iPhone 5S求助~~新买回来的土豪金充不进电4,aijuan0504,2013-12-03,74,6050,qq_14u6f923y503,2015-08-15,http://bbs.zol.com.cn/sjbbs/d544_p243.html#c,,2020-03-10 10:13:07
,http://bbs.zol.com.cn//sjbbs/d544_78568.html,iPhone6 Plus&色彩：篆拍~~一泉清水滋养繁花无数1,xiaozhuanme,2015-08-14,19,380,xiaozhuanme,2015-08-15,http://bbs.zol.com.cn/sjbbs/d544_p243.html#c,,2020-03-10 10:13:07
苹果iPhone 6,http://bbs.zol.com.cn//sjbbs/d544_78581.html,苹果iPhone 6iPhone6拍的照片1,baidu_82913943r,2015-08-14,2,820,yd4v008c76,2015-08-15,http://bbs.zol.com.cn/sjbbs/d544_p243.html#c,,2020-03-10 10:13:07
苹果iPhone 6,http://bbs.zol.com.cn//sjbbs/d544_78584.html,苹果iPhone 6home键按下去生硬、咯哒声！什么情况1,sina_97e7465421d41o7,2015-08-15,1,490,sina_97e7465421d41o7,2015-08-15,http://bbs.zol.com.cn/sjbbs/d544_p243.html#c,,2020-03-10 10:13:07
苹果iPhone 6,http://bbs.zol.com.cn//sjbbs/d544_78452.html,苹果iPhone 6想买港版的六1,qq_48y7u3773867,2015-08-05,1,558,回复我的是呵呵,2015-08-15,http://bbs.zol.com.cn/sjbbs/d544_p243.html#c,,2020-03-10 10:13:07
苹果iPhone 5S,http://bbs.zol.com.cn//sjbbs/d544_78573.html,苹果iPhone 5S一款具有国际范儿的移动电源1,dsb01s,2015-08-14,1,359,a1l732ea9f,2015-08-15,http://bbs.zol.com.cn/sjbbs/d544_p244.html#c,,2020-03-10 10:13:07
苹果iPhone 4S,http://bbs.zol.com.cn//sjbbs/d544_25512.html,苹果iPhone 4S帮忙看下刚入手的这4s是翻新机么 慌啊慌啊6,lg95315303,2012-08-02,102,4389,fgghhf,2015-08-14,http://bbs.zol.com.cn/sjbbs/d544_p244.html#c,,2020-03-10 10:13:07
苹果iPhone 6,http://bbs.zol.com.cn//sjbbs/d544_78579.html,苹果iPhone 6小屏不碍事，iPad mini4将支持分屏多任务,anne961,2015-08-14,0,180,anne961,2015-08-14,http://bbs.zol.com.cn/sjbbs/d544_p244.html#c,,2020-03-10 10:13:07
苹果iPhone 5S,http://bbs.zol.com.cn//sjbbs/d544_78566.html,苹果iPhone 5S新手急问1,qq_5318s6zxrz86,2015-08-13,2,400,ijq6d19c50,2015-08-14,http://bbs.zol.com.cn/sjbbs/d544_p244.html#c,,2020-03-10 10:13:07
苹果iPhone 6 ...,http://bbs.zol.com.cn//sjbbs/d544_78272.html,苹果iPhone 6 ...plus 求鉴定1,qq_9e8o38q75h76,2015-07-22,6,1000,qq_a6k243415812w60,2015-08-14,http://bbs.zol.com.cn/sjbbs/d544_p244.html#c,,2020-03-10 10:13:07
苹果iPhone 6,http://bbs.zol.com.cn//sjbbs/d544_78572.html,苹果iPhone 6iPhone6s传言汇总及靠谱预测,al6n60,2015-08-14,0,502,al6n60,2015-08-14,http://bbs.zol.com.cn/sjbbs/d544_p244.html#c,,2020-03-10 10:13:07
,http://bbs.zol.com.cn//sjbbs/d544_78387.html,疑似玫瑰金iPhone 6s摄像头金属环曝光：差别很小1,s61lt43x45188c1,2015-07-30,9,7442,s61lt43x45188c1,2015-08-14,http://bbs.zol.com.cn/sjbbs/d544_p244.html#c,,2020-03-10 10:13:07
,http://bbs.zol.com.cn//sjbbs/d544_78570.html,iPhone 6s再遭曝光 内存不变/CPU升级,iy7ndt,2015-08-14,0,280,iy7ndt,2015-08-14,http://bbs.zol.com.cn/sjbbs/d544_p244.html#c,,2020-03-10 10:13:07
,http://bbs.zol.com.cn//sjbbs/d544_78569.html,不必等到明年 iPhone 6c或于11月发布,iy7ndt,2015-08-14,0,176,iy7ndt,2015-08-14,http://bbs.zol.com.cn/sjbbs/d544_p244.html#c,,2020-03-10 10:13:07
苹果iPhone 5S,http://bbs.zol.com.cn//sjbbs/d544_78556.html,苹果iPhone 5S便宜又好用——iWALK苹果lightning数据线使用轻体...1,xm9mn8,2015-08-13,1,473,d7eh0ae887,2015-08-14,http://bbs.zol.com.cn/sjbbs/d544_p244.html#c,,2020-03-10 10:13:07
,http://bbs.zol.com.cn//sjbbs/d544_78567.html,求大神帮我查一下是不是翻新机和激活时间,weixin_49t46399,2015-08-14,0,116,weixin_49t46399,2015-08-14,http://bbs.zol.com.cn/sjbbs/d544_p244.html#c,,2020-03-10 10:13:07
苹果iPhone 6,http://bbs.zol.com.cn//sjbbs/d544_77540.html,苹果iPhone 6想入手 纠结于5S与6之间1,weixin_yamy0,2015-06-07,8,1429,qq_5j53t,2015-08-13,http://bbs.zol.com.cn/sjbbs/d544_p244.html#c,,2020-03-10 10:13:07
苹果iPhone 4S,http://bbs.zol.com.cn//sjbbs/d544_12945.html,苹果iPhone 4S在淘宝上买的ATT卡激活美版4S提示要填邮编和社保号...2,jk86466036,2012-02-19,26,813,qq_cs5y98914347,2015-08-13,http://bbs.zol.com.cn/sjbbs/d544_p244.html#c,,2020-03-10 10:13:07
,http://bbs.zol.com.cn//sjbbs/d544_78565.html,苹果5s序列号。,qq_f4a46l47901v,2015-08-13,0,235,qq_f4a46l47901v,2015-08-13,http://bbs.zol.com.cn/sjbbs/d544_p244.html#c,,2020-03-10 10:13:07
,http://bbs.zol.com.cn//sjbbs/d544_78563.html,6s,qq_744311072dfr2h1,2015-08-13,0,85,qq_744311072dfr2h1,2015-08-13,http://bbs.zol.com.cn/sjbbs/d544_p244.html#c,,2020-03-10 10:13:07
苹果iPhone 5S,http://bbs.zol.com.cn//sjbbs/d544_78562.html,苹果iPhone 5S我想知道值多少钱？,weixin_fyqom,2015-08-13,0,165,weixin_fyqom,2015-08-13,http://bbs.zol.com.cn/sjbbs/d544_p244.html#c,,2020-03-10 10:13:07
,http://bbs.zol.com.cn//sjbbs/d544_78561.html,不是粉色是红铜色！iPhone6s新配色曝光,qq_mkau1,2015-08-13,0,144,qq_mkau1,2015-08-13,http://bbs.zol.com.cn/sjbbs/d544_p244.html#c,,2020-03-10 10:13:07
苹果iPhone 6 ...,http://bbs.zol.com.cn//sjbbs/d544_78557.html,苹果iPhone 6 ...求助1,文舞双拳1,2015-08-13,2,397,文舞双拳1,2015-08-13,http://bbs.zol.com.cn/sjbbs/d544_p244.html#c,,2020-03-10 10:13:07
苹果iPhone 5S,http://bbs.zol.com.cn//sjbbs/d544_78559.html,苹果iPhone 5S苹果5s电池问题1,0fihtd,2015-08-13,1,212,qq_mkau1,2015-08-13,http://bbs.zol.com.cn/sjbbs/d544_p244.html#c,,2020-03-10 10:13:07
苹果iPhone 5S,http://bbs.zol.com.cn//sjbbs/d544_8758.html,苹果iPhone 5S港版5s上网咋设置才只能用2g上网？4,jianshengjian,2014-01-18,63,8914,sina_491861513m,2015-08-13,http://bbs.zol.com.cn/sjbbs/d544_p244.html#c,,2020-03-10 10:13:07
,http://bbs.zol.com.cn//sjbbs/d544_78385.html,新一代iphone的机壳材料起-蓝宝石切割1,px8cf9,2015-07-30,2,95,px8cf9,2015-08-13,http://bbs.zol.com.cn/sjbbs/d544_p244.html#c,,2020-03-10 10:13:07
苹果iPhone 6 ...,http://bbs.zol.com.cn//sjbbs/d544_78258.html,苹果iPhone 6 ...（转）手机店最不受欢迎的5种逗逼顾客，你中枪...1,hpc8br,2015-07-22,2,988,hpc8br,2015-08-13,http://bbs.zol.com.cn/sjbbs/d544_p244.html#c,,2020-03-10 10:13:07
苹果iPhone 5,http://bbs.zol.com.cn//sjbbs/d544_78547.html,苹果iPhone 5iPhone5的手感比iPhone5S好？1,qqkssc,2015-08-12,3,992,qq_e71499j3215444z,2015-08-13,http://bbs.zol.com.cn/sjbbs/d544_p244.html#c,,2020-03-10 10:13:07
,http://bbs.zol.com.cn//sjbbs/d544_78544.html,曝光iPhone6s的上市时间和价格并爆出iPhone6s的前面板1,s61lt43x45188c1,2015-08-12,5,485,s61lt43x45188c1,2015-08-13,http://bbs.zol.com.cn/sjbbs/d544_p244.html#c,,2020-03-10 10:13:07
,http://bbs.zol.com.cn//sjbbs/d544_78550.html,手机变卡,qq_5j8414qn78c5120,2015-08-13,0,73,qq_5j8414qn78c5120,2015-08-13,http://bbs.zol.com.cn/sjbbs/d544_p244.html#c,,2020-03-10 10:13:07
,http://bbs.zol.com.cn//sjbbs/d544_78549.html,苹果突然变卡,qq_5j8414qn78c5120,2015-08-13,0,83,qq_5j8414qn78c5120,2015-08-13,http://bbs.zol.com.cn/sjbbs/d544_p244.html#c,,2020-03-10 10:13:07
苹果iPhone 4S,http://bbs.zol.com.cn//sjbbs/d544_8452.html,"苹果iPhone 4Siphone4s不静音模式下,怎么玩游戏听音乐没声音,来...14",masako1,2012-03-08,274,59666,qq_xor6t,2015-08-13,http://bbs.zol.com.cn/sjbbs/d544_p244.html#c,,2020-03-10 10:13:07
苹果iPhone 5S,http://bbs.zol.com.cn//sjbbs/d544_78534.html,苹果iPhone 5S颜值高有才华の良品——iWALK口袋宝移动电源开箱轻...1,xm9mn8,2015-08-11,5,438,crfhnpyh12,2015-08-12,http://bbs.zol.com.cn/sjbbs/d544_p244.html#c,,2020-03-10 10:13:07
苹果iPhone 6 ...,http://bbs.zol.com.cn//sjbbs/d544_78433.html,苹果iPhone 6 ...怀疑iPhone光线感应器失灵？教你在家自己检测1,hpc8br,2015-08-03,2,1965,hpc8br,2015-08-12,http://bbs.zol.com.cn/sjbbs/d544_p244.html#c,,2020-03-10 10:13:07
,http://bbs.zol.com.cn//sjbbs/d544_24637.html,iPhone4完美越狱iOS4.2.1固件 -绿毒greenpois0n RC6.1更新修复iB...3,kajhka21,2011-02-22,42,15800,qq_m834693k7h61,2015-08-12,http://bbs.zol.com.cn/sjbbs/d544_p244.html#c,,2020-03-10 10:13:07
,http://bbs.zol.com.cn//sjbbs/d544_78514.html,苹果5s降价1,qq_0btht,2015-08-10,4,245,s61lt43x45188c1,2015-08-12,http://bbs.zol.com.cn/sjbbs/d544_p245.html#c,,2020-03-10 10:13:08
,http://bbs.zol.com.cn//sjbbs/d544_51847.html,现金悬赏！！求大神救救我的手机！1,sina_4a24tk834815942,2015-01-29,5,182,s61lt43x45188c1,2015-08-12,http://bbs.zol.com.cn/sjbbs/d544_p245.html#c,,2020-03-10 10:13:08
,http://bbs.zol.com.cn//sjbbs/d544_78540.html,据传iPhone 6c将会和iPhone 6s/6s Plus一同发布,iy7ndt,2015-08-12,0,186,iy7ndt,2015-08-12,http://bbs.zol.com.cn/sjbbs/d544_p245.html#c,,2020-03-10 10:13:08
,http://bbs.zol.com.cn//sjbbs/d544_78539.html,亲故！,sina_w13r13445t,2015-08-12,0,70,sina_w13r13445t,2015-08-12,http://bbs.zol.com.cn/sjbbs/d544_p245.html#c,,2020-03-10 10:13:08
苹果iPhone 6,http://bbs.zol.com.cn//sjbbs/d544_75197.html,苹果iPhone 6我们这里 果6现在 5000入手贵吗 16G的 行货1,an8l6r,2015-05-11,7,1130,qq_vm99801l54c3,2015-08-12,http://bbs.zol.com.cn/sjbbs/d544_p245.html#c,,2020-03-10 10:13:08
,http://bbs.zol.com.cn//sjbbs/d544_78538.html,安z苹果4s7.1.2怎么安装输入法,qq_1h433527qa4r,2015-08-12,0,96,qq_1h433527qa4r,2015-08-12,http://bbs.zol.com.cn/sjbbs/d544_p245.html#c,,2020-03-10 10:13:08
,http://bbs.zol.com.cn//sjbbs/d544_78004.html,有卖苹果的吗1,小兔子,2015-07-02,4,285,无奈._10,2015-08-11,http://bbs.zol.com.cn/sjbbs/d544_p245.html#c,,2020-03-10 10:13:08
苹果iPhone 6,http://bbs.zol.com.cn//sjbbs/d544_78531.html,苹果iPhone 6.1,馬小小凯,2015-08-11,1,205,n5k3f05716,2015-08-11,http://bbs.zol.com.cn/sjbbs/d544_p245.html#c,,2020-03-10 10:13:08
,http://bbs.zol.com.cn//sjbbs/d544_78528.html,iPhone6 Plus&色彩：篆拍~~高雄穹顶之上1,xiaozhuanme,2015-08-11,7,227,xiaozhuanme,2015-08-11,http://bbs.zol.com.cn/sjbbs/d544_p245.html#c,,2020-03-10 10:13:08
苹果iPhone 6,http://bbs.zol.com.cn//sjbbs/d544_78519.html,苹果iPhone 6京东卖iPhone6靠谱吗？1,2jqynh,2015-08-10,2,613,q87629,2015-08-11,http://bbs.zol.com.cn/sjbbs/d544_p245.html#c,,2020-03-10 10:13:08
苹果iPhone 6 ...,http://bbs.zol.com.cn//sjbbs/d544_60686.html,苹果iPhone 6 ...(转帖)面对难搞的iPhone 6屏幕 我们如何贴膜？1,hpc8br,2015-03-11,1,583,hpc8br,2015-08-11,http://bbs.zol.com.cn/sjbbs/d544_p245.html#c,,2020-03-10 10:13:08
苹果iPhone 5S,http://bbs.zol.com.cn//sjbbs/d544_8291.html,苹果iPhone 5S晚上强力刷机4次，终于搞透IOS7防盗功能2,nihabigeak,2013-12-03,24,66240,s61lt43x45188c1,2015-08-11,http://bbs.zol.com.cn/sjbbs/d544_p245.html#c,,2020-03-10 10:13:08
苹果iPhone 6,http://bbs.zol.com.cn//sjbbs/d544_78522.html,苹果iPhone 6HTC邀你进入#精英人生穿越季#1,jieqiaoyou66,2015-08-10,2,296,fz9q0c,2015-08-11,http://bbs.zol.com.cn/sjbbs/d544_p245.html#c,,2020-03-10 10:13:08
苹果iPhone 5,http://bbs.zol.com.cn//sjbbs/d544_11781.html,苹果iPhone 5我买了个二手的5 icould的密码人家不告诉我  我也忘...1,dengbaoba,2013-11-11,9,3034,qq_410m2r9412s3,2015-08-11,http://bbs.zol.com.cn/sjbbs/d544_p245.html#c,,2020-03-10 10:13:08
,http://bbs.zol.com.cn//sjbbs/d544_78524.html,ios9beat5 4s1,qq_77mkm,2015-08-10,1,93,小业ye,2015-08-11,http://bbs.zol.com.cn/sjbbs/d544_p245.html#c,,2020-03-10 10:13:08
苹果iPhone 4,http://bbs.zol.com.cn//sjbbs/d544_8574.html,苹果iPhone 4iPhone手机美化篇--文件夹背景透明教程13,nihabigeak,2012-04-17,260,12465,x8ctmd,2015-08-10,http://bbs.zol.com.cn/sjbbs/d544_p245.html#c,,2020-03-10 10:13:08
,http://bbs.zol.com.cn//sjbbs/d544_78498.html,求大神看下 7月24号入手6plus 朋友说有可能是翻新机1,weixin_q4229431,2015-08-08,3,321,s61lt43x45188c1,2015-08-10,http://bbs.zol.com.cn/sjbbs/d544_p245.html#c,,2020-03-10 10:13:08
苹果iPhone 5,http://bbs.zol.com.cn//sjbbs/d544_8279.html,苹果iPhone 5大家猜我的iPhone5是怎么碎了的 打算自己换一个屏幕1,ja78954621,2013-07-19,20,23216,qq_958511r79v62410,2015-08-10,http://bbs.zol.com.cn/sjbbs/d544_p245.html#c,,2020-03-10 10:13:08
苹果iPhone 4S,http://bbs.zol.com.cn//sjbbs/d544_8329.html,苹果iPhone 4S为什么苹果4S打不出电话啊？求救~3,hjy2000,2012-09-29,48,16856,qq_958511r79v62410,2015-08-10,http://bbs.zol.com.cn/sjbbs/d544_p245.html#c,,2020-03-10 10:13:08
,http://bbs.zol.com.cn//sjbbs/d544_78516.html,HTC发起HTC品牌大使活动，你们怎么看？,qq_68794z14j96d,2015-08-10,0,121,qq_68794z14j96d,2015-08-10,http://bbs.zol.com.cn/sjbbs/d544_p245.html#c,,2020-03-10 10:13:08
,http://bbs.zol.com.cn//sjbbs/d544_78513.html,港行iphone61,9u52hr,2015-08-09,4,896,qq_2vp9o,2015-08-10,http://bbs.zol.com.cn/sjbbs/d544_p245.html#c,,2020-03-10 10:13:08
,http://bbs.zol.com.cn//sjbbs/d544_78495.html,屏幕这个样子是什么情况？？1,weixin_houwa,2015-08-08,2,417,qq_958511r79v62410,2015-08-09,http://bbs.zol.com.cn/sjbbs/d544_p245.html#c,,2020-03-10 10:13:08
,http://bbs.zol.com.cn//sjbbs/d544_78497.html,苹果6plus啥时候会降价1,qq_61rzx,2015-08-08,2,391,qq_958511r79v62410,2015-08-09,http://bbs.zol.com.cn/sjbbs/d544_p245.html#c,,2020-03-10 10:13:08
苹果iPhone 4S,http://bbs.zol.com.cn//sjbbs/d544_36204.html,苹果iPhone 4S美版苹果4s1,qq_cr1827b011d8,2014-12-16,4,721,1nobvt,2015-08-08,http://bbs.zol.com.cn/sjbbs/d544_p245.html#c,,2020-03-10 10:13:08
苹果iPhone 4S,http://bbs.zol.com.cn//sjbbs/d544_34950.html,苹果iPhone 4S苹果iPhone4S   3G 没有怎么回事1,a632851249,2014-12-02,4,856,1nobvt,2015-08-08,http://bbs.zol.com.cn/sjbbs/d544_p245.html#c,,2020-03-10 10:13:08
苹果iPhone 6,http://bbs.zol.com.cn//sjbbs/d544_78490.html,苹果iPhone 6人性化设计，让充电更加简单——iWALK终结者移动电...1,xm9mn8,2015-08-07,5,577,yssrninf69,2015-08-08,http://bbs.zol.com.cn/sjbbs/d544_p245.html#c,,2020-03-10 10:13:08
苹果iPhone 4S,http://bbs.zol.com.cn//sjbbs/d544_12984.html,苹果iPhone 4Siphone4s便携设备打开后的本地磁盘如何删除2,shangwl08,2012-05-14,28,3910,qq_1420x31uh3e9,2015-08-08,http://bbs.zol.com.cn/sjbbs/d544_p245.html#c,,2020-03-10 10:13:08
苹果iPhone 4S,http://bbs.zol.com.cn//sjbbs/d544_7483.html,苹果iPhone 4SiPhone手机美化篇--去时间和滑块阴影/去除移动滑块...34,nihabigeak,2012-03-29,669,28317,qq_m30307a4r429,2015-08-08,http://bbs.zol.com.cn/sjbbs/d544_p245.html#c,,2020-03-10 10:13:08
,http://bbs.zol.com.cn//sjbbs/d544_78499.html,跪求大神啊！,weixin_d3bvx,2015-08-08,0,151,weixin_d3bvx,2015-08-08,http://bbs.zol.com.cn/sjbbs/d544_p245.html#c,,2020-03-10 10:13:08
,http://bbs.zol.com.cn//sjbbs/d544_78496.html,5s土豪金,qq_h36221304419,2015-08-08,0,174,qq_h36221304419,2015-08-08,http://bbs.zol.com.cn/sjbbs/d544_p245.html#c,,2020-03-10 10:13:08
,http://bbs.zol.com.cn//sjbbs/d544_78494.html,求大神,qq_cysjg,2015-08-08,0,27,qq_cysjg,2015-08-08,http://bbs.zol.com.cn/sjbbs/d544_p246.html#c,,2020-03-10 10:13:08
苹果iPhone 6,http://bbs.zol.com.cn//sjbbs/d544_78493.html,苹果iPhone 6iphone已停用连接itunes怎么办？,weixin_4oax1972,2015-08-08,0,452,weixin_4oax1972,2015-08-08,http://bbs.zol.com.cn/sjbbs/d544_p246.html#c,,2020-03-10 10:13:08
苹果iPhone 5S,http://bbs.zol.com.cn//sjbbs/d544_78492.html,苹果iPhone 5S求大神！！！1,qq_9272868t1i41,2015-08-08,2,109,hwb8fd6afd,2015-08-08,http://bbs.zol.com.cn/sjbbs/d544_p246.html#c,,2020-03-10 10:13:08
苹果iPhone 5S,http://bbs.zol.com.cn//sjbbs/d544_8495.html,苹果iPhone 5S简单实用iPhone 5s/5c邮箱绑定小技巧2,布鲁诺马里奥,2013-11-29,32,29967,qq_8e9f1949835w,2015-08-07,http://bbs.zol.com.cn/sjbbs/d544_p246.html#c,,2020-03-10 10:13:08
苹果iPhone 6 ...,http://bbs.zol.com.cn//sjbbs/d544_78488.html,苹果iPhone 6 ...(转)iPhone 6 Plus这些优缺点1,hpc8br,2015-08-07,2,1252,zh3iaa,2015-08-07,http://bbs.zol.com.cn/sjbbs/d544_p246.html#c,,2020-03-10 10:13:08
,http://bbs.zol.com.cn//sjbbs/d544_78489.html,捡了个苹果5没有id怎么办？,qq_nlexm,2015-08-07,0,238,qq_nlexm,2015-08-07,http://bbs.zol.com.cn/sjbbs/d544_p246.html#c,,2020-03-10 10:13:08
苹果iPhone 5S,http://bbs.zol.com.cn//sjbbs/d544_8989.html,苹果iPhone 5S网友刚买了10天的iPhone 5s深空灰屏幕翘起2,hgs45692,2013-10-07,21,15408,xuchao_10,2015-08-07,http://bbs.zol.com.cn/sjbbs/d544_p246.html#c,,2020-03-10 10:13:08
,http://bbs.zol.com.cn//sjbbs/d544_78486.html,iPhone 7高清渲染图曝光 后置双摄像头 美美美！,iy7ndt,2015-08-07,0,59,iy7ndt,2015-08-07,http://bbs.zol.com.cn/sjbbs/d544_p246.html#c,,2020-03-10 10:13:08
苹果iPhone 6 ...,http://bbs.zol.com.cn//sjbbs/d544_78485.html,苹果iPhone 6 ...2015寻找#HTC品牌大使#全面起航啦！,qq_68794z14j96d,2015-08-07,0,378,qq_68794z14j96d,2015-08-07,http://bbs.zol.com.cn/sjbbs/d544_p246.html#c,,2020-03-10 10:13:08
苹果iPhone 5S,http://bbs.zol.com.cn//sjbbs/d544_37.html,苹果iPhone 5S有没有苹果手机的大神交流群，新手小白想加入1,s812290816,2014-08-28,12,936,qq_d4177k87p231,2015-08-06,http://bbs.zol.com.cn/sjbbs/d544_p246.html#c,,2020-03-10 10:13:08
,http://bbs.zol.com.cn//sjbbs/d544_78476.html,"iPhone6s,iPhone7什么时侯上市？1",qq_wec1y,2015-08-06,1,309,s61lt43x45188c1,2015-08-06,http://bbs.zol.com.cn/sjbbs/d544_p246.html#c,,2020-03-10 10:13:08
苹果iPhone 5,http://bbs.zol.com.cn//sjbbs/d544_78471.html,苹果iPhone 5我的爱疯5 摔了下打电话听不到对方1,woyaoni52112,2015-08-06,1,275,o7qme8f372,2015-08-06,http://bbs.zol.com.cn/sjbbs/d544_p246.html#c,,2020-03-10 10:13:08
苹果iPhone 6,http://bbs.zol.com.cn//sjbbs/d544_7680.html,苹果iPhone 6港版苹果 iPhone 6、iPhone 6 Plus拍照分享-----欢...26,suchen0214,2014-09-20,520,143526,s61lt43x45188c1,2015-08-06,http://bbs.zol.com.cn/sjbbs/d544_p246.html#c,,2020-03-10 10:13:08
,http://bbs.zol.com.cn//sjbbs/d544_78462.html,求大神帮忙看看1,sina_3jf87034w2y61q4,2015-08-05,3,289,sina_3jf87034w2y61q4,2015-08-05,http://bbs.zol.com.cn/sjbbs/d544_p246.html#c,,2020-03-10 10:13:08
苹果iPhone 4S,http://bbs.zol.com.cn//sjbbs/d544_8455.html,苹果iPhone 4SiPhone越狱后必备：手机美化教程汇总/优化提速技巧294,nihabigeak,2012-04-17,5863,461178,teyshk,2015-08-05,http://bbs.zol.com.cn/sjbbs/d544_p246.html#c,,2020-03-10 10:13:08
,http://bbs.zol.com.cn//sjbbs/d544_78291.html,苹果6鉴定1,2i36as,2015-07-23,1,321,9fxpba,2015-08-05,http://bbs.zol.com.cn/sjbbs/d544_p246.html#c,,2020-03-10 10:13:08
苹果iPhone 6,http://bbs.zol.com.cn//sjbbs/d544_78461.html,苹果iPhone 6iphone6刷机,baidu_9gu64u3o5,2015-08-05,0,408,baidu_9gu64u3o5,2015-08-05,http://bbs.zol.com.cn/sjbbs/d544_p246.html#c,,2020-03-10 10:13:08
苹果iPhone,http://bbs.zol.com.cn//sjbbs/d544_1968.html,苹果iPhone教你在iPhone上安装及卸载APP格式程序1,shanling0,2008-07-08,9,6756,qq_ws48md83u313,2015-08-05,http://bbs.zol.com.cn/sjbbs/d544_p246.html#c,,2020-03-10 10:13:08
苹果iPhone,http://bbs.zol.com.cn//sjbbs/d544_1969.html,苹果iPhoneiPhone做猫连接笔记本上网教程1,shanling0,2008-07-08,4,1637,qq_ws48md83u313,2015-08-05,http://bbs.zol.com.cn/sjbbs/d544_p246.html#c,,2020-03-10 10:13:08
苹果iPhone 6,http://bbs.zol.com.cn//sjbbs/d544_78435.html,苹果iPhone 6iPhone6电量守护神   iWALK闪电甲背夹移动电源开箱...1,bmadje,2015-08-03,3,907,qq_48y7u3773867,2015-08-05,http://bbs.zol.com.cn/sjbbs/d544_p246.html#c,,2020-03-10 10:13:08
苹果iPhone,http://bbs.zol.com.cn//sjbbs/d544_1772.html,苹果iPhone不得不看 iPhone超级使用小技巧总汇2,shanling0,2008-05-25,38,104454,weixin_s3iux,2015-08-05,http://bbs.zol.com.cn/sjbbs/d544_p246.html#c,,2020-03-10 10:13:08
苹果iPhone 4,http://bbs.zol.com.cn//sjbbs/d544_8397.html,苹果iPhone 4iPhone 4手机最强资源汇总贴-手机鉴别选购/解锁越狱...30,mxtzol,2011-03-03,588,369855,weixin_s3iux,2015-08-05,http://bbs.zol.com.cn/sjbbs/d544_p246.html#c,,2020-03-10 10:13:08
苹果iPhone 5S,http://bbs.zol.com.cn//sjbbs/d544_9973.html,苹果iPhone 5S北京世纪宏达手机店偷换苹果5S手机配件1,englishxxx,2014-06-06,7,885,weixin_1bpcj,2015-08-04,http://bbs.zol.com.cn/sjbbs/d544_p246.html#c,,2020-03-10 10:13:08
苹果iPhone 4S,http://bbs.zol.com.cn//sjbbs/d544_9023.html,苹果iPhone 4S苹果4S有中文翻译成英文的软件吗？1,xx19850507,2012-12-04,14,2258,weixin_8awzx,2015-08-04,http://bbs.zol.com.cn/sjbbs/d544_p246.html#c,,2020-03-10 10:13:08
,http://bbs.zol.com.cn//sjbbs/d544_78449.html,苹果41,qq_jat71868u784,2015-08-04,2,294,qq_jat71868u784,2015-08-04,http://bbs.zol.com.cn/sjbbs/d544_p246.html#c,,2020-03-10 10:13:08
苹果iPhone 6,http://bbs.zol.com.cn//sjbbs/d544_77003.html,苹果iPhone 6央视曝光：京东卖二手翻新苹果手机！   赶快看看你...3,suchen0214,2015-05-25,44,10241,s61lt43x45188c1,2015-08-04,http://bbs.zol.com.cn/sjbbs/d544_p246.html#c,,2020-03-10 10:13:08
苹果iPhone 6,http://bbs.zol.com.cn//sjbbs/d544_78448.html,苹果iPhone 6听说，外出时，iWALK口袋宝和iPhone更配哦~1,dsb01s,2015-08-04,3,441,s61lt43x45188c1,2015-08-04,http://bbs.zol.com.cn/sjbbs/d544_p246.html#c,,2020-03-10 10:13:08
,http://bbs.zol.com.cn//sjbbs/d544_78450.html,iPhone 4S还能用多久？为什么这么多人还在用？,qq_t4c119lu2180,2015-08-04,0,407,qq_t4c119lu2180,2015-08-04,http://bbs.zol.com.cn/sjbbs/d544_p246.html#c,,2020-03-10 10:13:08
,http://bbs.zol.com.cn//sjbbs/d544_78447.html,怎么破解,qq_986i743l1n28,2015-08-04,0,212,qq_986i743l1n28,2015-08-04,http://bbs.zol.com.cn/sjbbs/d544_p246.html#c,,2020-03-10 10:13:08
苹果iPhone 6 ...,http://bbs.zol.com.cn//sjbbs/d544_78406.html,苹果iPhone 6 ...iPhone 6 Plus这些优缺点1,wangyujidi,2015-08-01,3,2512,hpc8br,2015-08-04,http://bbs.zol.com.cn/sjbbs/d544_p246.html#c,,2020-03-10 10:13:08
苹果iPhone 6 ...,http://bbs.zol.com.cn//sjbbs/d544_78446.html,苹果iPhone 6 ...如何删除多余的iCloud备份 五步教你搞定,hpc8br,2015-08-04,0,872,hpc8br,2015-08-04,http://bbs.zol.com.cn/sjbbs/d544_p247.html#c,,2020-03-10 10:13:09
,http://bbs.zol.com.cn//sjbbs/d544_78442.html,iphone5s7.1.21,lmr09a,2015-08-04,1,193,lmr09a,2015-08-04,http://bbs.zol.com.cn/sjbbs/d544_p247.html#c,,2020-03-10 10:13:09
,http://bbs.zol.com.cn//sjbbs/d544_78397.html,iOS8.41,qq_31u634lx9482,2015-07-30,1,300,9fxpba,2015-08-04,http://bbs.zol.com.cn/sjbbs/d544_p247.html#c,,2020-03-10 10:13:09
苹果iPhone 4S,http://bbs.zol.com.cn//sjbbs/d544_78382.html,苹果iPhone 4S关于苹果鸡，内存问题。1,qq_rj4133373341,2015-07-30,4,633,stonekyller,2015-08-03,http://bbs.zol.com.cn/sjbbs/d544_p247.html#c,,2020-03-10 10:13:09
苹果iPhone 6,http://bbs.zol.com.cn//sjbbs/d544_33236.html,苹果iPhone 6又出个相机门？iPhone 6 Plus镜头出bug1,daoye999,2014-11-20,8,5412,sina_0244n04918,2015-08-03,http://bbs.zol.com.cn/sjbbs/d544_p247.html#c,,2020-03-10 10:13:09
,http://bbs.zol.com.cn//sjbbs/d544_78440.html,刷机,qq_2jmkt,2015-08-03,0,219,qq_2jmkt,2015-08-03,http://bbs.zol.com.cn/sjbbs/d544_p247.html#c,,2020-03-10 10:13:09
,http://bbs.zol.com.cn//sjbbs/d544_78436.html,看外媒掐架：苹果需不需要4英寸iPhone 6c,al6n60,2015-08-03,0,370,al6n60,2015-08-03,http://bbs.zol.com.cn/sjbbs/d544_p247.html#c,,2020-03-10 10:13:09
苹果iPhone 6 ...,http://bbs.zol.com.cn//sjbbs/d544_35161.html,苹果iPhone 6 ...那个全网通跟什么国际版，双4g有什么区别1,mx22175158n1k64,2014-12-06,4,6945,baidu_534q248w8,2015-08-03,http://bbs.zol.com.cn/sjbbs/d544_p247.html#c,,2020-03-10 10:13:09
,http://bbs.zol.com.cn//sjbbs/d544_78344.html,苹果六外屏碎了。。。。。1,qq_ve3kg,2015-07-27,2,357,qq_0451839y5810,2015-08-03,http://bbs.zol.com.cn/sjbbs/d544_p247.html#c,,2020-03-10 10:13:09
,http://bbs.zol.com.cn//sjbbs/d544_78431.html,5s怎么样，求解说1,qq_112gb314a380s04,2015-08-03,1,183,qq_112gb314a380s04,2015-08-03,http://bbs.zol.com.cn/sjbbs/d544_p247.html#c,,2020-03-10 10:13:09
苹果iPhone 5,http://bbs.zol.com.cn//sjbbs/d544_78409.html,苹果iPhone 5v版5插电信卡无服务1,qq_4r1t83160f12,2015-08-01,2,175,qq_z9nyp,2015-08-03,http://bbs.zol.com.cn/sjbbs/d544_p247.html#c,,2020-03-10 10:13:09
,http://bbs.zol.com.cn//sjbbs/d544_78419.html,真的不错哦，爱不释手。看看吧1,l1523060,2015-08-02,4,483,qq_z9nyp,2015-08-03,http://bbs.zol.com.cn/sjbbs/d544_p247.html#c,,2020-03-10 10:13:09
,http://bbs.zol.com.cn//sjbbs/d544_78429.html,苹果服务器又故障了1,weixin_ropxo,2015-08-02,1,219,qq_z9nyp,2015-08-03,http://bbs.zol.com.cn/sjbbs/d544_p247.html#c,,2020-03-10 10:13:09
,http://bbs.zol.com.cn//sjbbs/d544_78417.html,iPhone摄像头进灰1,三水usioo,2015-08-01,1,279,爺＇亱逛綪樓,2015-08-03,http://bbs.zol.com.cn/sjbbs/d544_p247.html#c,,2020-03-10 10:13:09
苹果iPhone 6,http://bbs.zol.com.cn//sjbbs/d544_78427.html,苹果iPhone 6iPhone6拍的照片1,qqkssc,2015-08-02,3,923,hrmltp,2015-08-02,http://bbs.zol.com.cn/sjbbs/d544_p247.html#c,,2020-03-10 10:13:09
,http://bbs.zol.com.cn//sjbbs/d544_78426.html,苹果表带脱皮,weixin_ideia,2015-08-02,0,215,weixin_ideia,2015-08-02,http://bbs.zol.com.cn/sjbbs/d544_p247.html#c,,2020-03-10 10:13:09
,http://bbs.zol.com.cn//sjbbs/d544_78425.html,大家进来给建议！拜托了！,qq_qvrng,2015-08-02,0,199,qq_qvrng,2015-08-02,http://bbs.zol.com.cn/sjbbs/d544_p247.html#c,,2020-03-10 10:13:09
,http://bbs.zol.com.cn//sjbbs/d544_78424.html,4s激活,qq_090438a47u41,2015-08-02,0,160,qq_090438a47u41,2015-08-02,http://bbs.zol.com.cn/sjbbs/d544_p247.html#c,,2020-03-10 10:13:09
,http://bbs.zol.com.cn//sjbbs/d544_78423.html,苹果手机激活。,qq_090438a47u41,2015-08-02,0,170,qq_090438a47u41,2015-08-02,http://bbs.zol.com.cn/sjbbs/d544_p247.html#c,,2020-03-10 10:13:09
苹果iPhone 5,http://bbs.zol.com.cn//sjbbs/d544_78181.html,苹果iPhone 5性价比 iphone 历程的新一站1,qq_d87ax3t99497,2015-07-17,3,292,s61lt43x45188c1,2015-08-02,http://bbs.zol.com.cn/sjbbs/d544_p247.html#c,,2020-03-10 10:13:09
苹果iPhone 4,http://bbs.zol.com.cn//sjbbs/d544_78275.html,苹果iPhone 4Iphone4的充电板坏了，换一个多少钱啊，求大神1,ozkqcb,2015-07-23,6,1248,s61lt43x45188c1,2015-08-02,http://bbs.zol.com.cn/sjbbs/d544_p247.html#c,,2020-03-10 10:13:09
苹果iPhone 4,http://bbs.zol.com.cn//sjbbs/d544_78377.html,苹果iPhone 4转载 香港全球技术论坛 -苹果iOS将不可避免的被安卓...1,szshenyh,2015-07-29,1,428,qq_5481y48t0041,2015-08-01,http://bbs.zol.com.cn/sjbbs/d544_p247.html#c,,2020-03-10 10:13:09
苹果iPhone 6,http://bbs.zol.com.cn//sjbbs/d544_78393.html,苹果iPhone 6iOS9将加入全新低功耗模式 增加待机时间1,anne961,2015-07-30,1,661,qq_5481y48t0041,2015-08-01,http://bbs.zol.com.cn/sjbbs/d544_p247.html#c,,2020-03-10 10:13:09
苹果iPhone 6,http://bbs.zol.com.cn//sjbbs/d544_78399.html,苹果iPhone 6ipohe 61,weixin_rb2gg,2015-07-31,1,504,qq_5481y48t0041,2015-08-01,http://bbs.zol.com.cn/sjbbs/d544_p247.html#c,,2020-03-10 10:13:09
苹果iPhone 6 ...,http://bbs.zol.com.cn//sjbbs/d544_78405.html,苹果iPhone 6 ...掉了之后怎么办1,wangyujidi,2015-08-01,2,566,ztaqb2,2015-08-01,http://bbs.zol.com.cn/sjbbs/d544_p247.html#c,,2020-03-10 10:13:09
苹果iPhone 6 ...,http://bbs.zol.com.cn//sjbbs/d544_78401.html,苹果iPhone 6 ...如何把个人资料从Siri服务器删除1,hpc8br,2015-07-31,2,443,qq_5481y48t0041,2015-08-01,http://bbs.zol.com.cn/sjbbs/d544_p247.html#c,,2020-03-10 10:13:09
苹果iPhone 5S,http://bbs.zol.com.cn//sjbbs/d544_78407.html,苹果iPhone 5S刚入手的5s，发现通电话时对方说我声音小，明明是...1,yuwenshuii,2015-08-01,2,442,qq_5481y48t0041,2015-08-01,http://bbs.zol.com.cn/sjbbs/d544_p247.html#c,,2020-03-10 10:13:09
苹果iPhone 4,http://bbs.zol.com.cn//sjbbs/d544_9709.html,苹果iPhone 4怎么通过电脑打开苹果iPhone 4手机文件夹2,cer246,2010-10-11,22,10260,qq_5481y48t0041,2015-08-01,http://bbs.zol.com.cn/sjbbs/d544_p247.html#c,,2020-03-10 10:13:09
苹果iPhone 6,http://bbs.zol.com.cn//sjbbs/d544_73759.html,苹果iPhone 6苹果6计算机有问题77一38.5=01,pengsongyong,2015-04-24,10,543,qq_5481y48t0041,2015-08-01,http://bbs.zol.com.cn/sjbbs/d544_p247.html#c,,2020-03-10 10:13:09
苹果iPhone 4S,http://bbs.zol.com.cn//sjbbs/d544_7324.html,苹果iPhone 4SiPhone专用锁屏时间字体下载95,nihabigeak,2012-04-06,1894,140923,jianghu258,2015-07-31,http://bbs.zol.com.cn/sjbbs/d544_p247.html#c,,2020-03-10 10:13:09
苹果iPhone 5,http://bbs.zol.com.cn//sjbbs/d544_9754.html,苹果iPhone 5急求高手：iphone5 黑屏 开不了机11,dsyes,2013-12-03,212,2726,qq_84325548s561,2015-07-31,http://bbs.zol.com.cn/sjbbs/d544_p248.html#c,,2020-03-10 10:13:09
,http://bbs.zol.com.cn//sjbbs/d544_78372.html,iPhone 6S参数曝光：配1200万摄像头1,小鬼King先生,2015-07-28,8,4760,qq_61rzx,2015-07-31,http://bbs.zol.com.cn/sjbbs/d544_p248.html#c,,2020-03-10 10:13:09
苹果iPhone 6 ...,http://bbs.zol.com.cn//sjbbs/d544_78391.html,苹果iPhone 6 ...Apple Watch满意度调查，库克大喜过望1,anne961,2015-07-30,1,421,hpc8br,2015-07-31,http://bbs.zol.com.cn/sjbbs/d544_p248.html#c,,2020-03-10 10:13:09
,http://bbs.zol.com.cn//sjbbs/d544_78400.html,苹果手表,weixin_rb2gg,2015-07-31,0,264,weixin_rb2gg,2015-07-31,http://bbs.zol.com.cn/sjbbs/d544_p248.html#c,,2020-03-10 10:13:09
,http://bbs.zol.com.cn//sjbbs/d544_78396.html,在华强北哪买iPhone主板好,qq_49l9z1j126n039u,2015-07-30,0,286,qq_49l9z1j126n039u,2015-07-30,http://bbs.zol.com.cn/sjbbs/d544_p248.html#c,,2020-03-10 10:13:09
,http://bbs.zol.com.cn//sjbbs/d544_78394.html,iPhone5s查不到序列号？,weixin_294872he,2015-07-30,0,244,weixin_294872he,2015-07-30,http://bbs.zol.com.cn/sjbbs/d544_p248.html#c,,2020-03-10 10:13:09
#未来世界#,http://bbs.zol.com.cn//sjbbs/d544_78371.html,#未来世界# 几百年以后，未来的世界会变成这样1,石头搞机,2015-07-28,15,2769,数字视线,2015-07-30,http://bbs.zol.com.cn/sjbbs/d544_p248.html#c,,2020-03-10 10:13:09
苹果iPhone 6 ...,http://bbs.zol.com.cn//sjbbs/d544_78381.html,苹果iPhone 6 ...App Store面临巨大挑战 谷歌准备重返中国1,anne961,2015-07-29,1,408,hpc8br,2015-07-30,http://bbs.zol.com.cn/sjbbs/d544_p248.html#c,,2020-03-10 10:13:09
,http://bbs.zol.com.cn//sjbbs/d544_78358.html,iphone新机发布，5s降价讨论1,qq_ao708,2015-07-28,13,948,s61lt43x45188c1,2015-07-30,http://bbs.zol.com.cn/sjbbs/d544_p248.html#c,,2020-03-10 10:13:09
,http://bbs.zol.com.cn//sjbbs/d544_66546.html,谁知道这个手机壳，哪里有卖1,sina_01fa6,2015-04-12,2,103,weixin_n13628bf,2015-07-30,http://bbs.zol.com.cn/sjbbs/d544_p248.html#c,,2020-03-10 10:13:09
苹果iPhone 5,http://bbs.zol.com.cn//sjbbs/d544_7129.html,苹果iPhone 5iphone5用联通卡经常无服务，怎么办？求解啊1,a425520317,2014-07-27,12,4097,swcwmmb642,2015-07-30,http://bbs.zol.com.cn/sjbbs/d544_p248.html#c,,2020-03-10 10:13:09
,http://bbs.zol.com.cn//sjbbs/d544_78369.html,我刚才发的苹果6质量问题帖子被人删了1,weixin_3r12375e,2015-07-28,5,343,qq_jgrl8,2015-07-29,http://bbs.zol.com.cn/sjbbs/d544_p248.html#c,,2020-03-10 10:13:09
苹果iPhone 6,http://bbs.zol.com.cn//sjbbs/d544_78370.html,苹果iPhone 6元气满满的小精灵：iWALK口袋宝移动电源图赏1,2feo3e,2015-07-28,5,496,2feo3e,2015-07-29,http://bbs.zol.com.cn/sjbbs/d544_p248.html#c,,2020-03-10 10:13:09
,http://bbs.zol.com.cn//sjbbs/d544_78321.html,iphone4s现在落伍了吗？1,mgn4y9,2015-07-25,1,292,qq_366f17a1542tut1,2015-07-28,http://bbs.zol.com.cn/sjbbs/d544_p248.html#c,,2020-03-10 10:13:09
苹果iPhone 5S,http://bbs.zol.com.cn//sjbbs/d544_78329.html,苹果iPhone 5S苹果手机白色的用久了会不会变黄？1,qq_823023261o24,2015-07-26,2,598,qq_366f17a1542tut1,2015-07-28,http://bbs.zol.com.cn/sjbbs/d544_p248.html#c,,2020-03-10 10:13:09
,http://bbs.zol.com.cn//sjbbs/d544_78353.html,尼玛太惊喜了！“果粉”电视开箱体验1,sjjasjsj,2015-07-27,5,440,s61lt43x45188c1,2015-07-28,http://bbs.zol.com.cn/sjbbs/d544_p248.html#c,,2020-03-10 10:13:09
,http://bbs.zol.com.cn//sjbbs/d544_78368.html,5s进水，。。据测是主板烧坏了。1,qq_m34m3313j83z,2015-07-28,1,176,hcpqb4086a,2015-07-28,http://bbs.zol.com.cn/sjbbs/d544_p248.html#c,,2020-03-10 10:13:09
苹果iPhone 6 ...,http://bbs.zol.com.cn//sjbbs/d544_78305.html,苹果iPhone 6 ...我的思念随着手机而传达。1,ia4dnw,2015-07-24,2,643,hpc8br,2015-07-28,http://bbs.zol.com.cn/sjbbs/d544_p248.html#c,,2020-03-10 10:13:09
,http://bbs.zol.com.cn//sjbbs/d544_78346.html,6月底入手6p，打开短信有时候很卡！求辨真假！1,weixin_t913079u,2015-07-27,1,411,9fxpba,2015-07-28,http://bbs.zol.com.cn/sjbbs/d544_p248.html#c,,2020-03-10 10:13:09
苹果iPhone 4,http://bbs.zol.com.cn//sjbbs/d544_17780.html,苹果iPhone 4我的苹果4怎么开不了机又冲不进电是怎么回事啊?1,124910,2013-09-19,1,141,Starry sky_18,2015-07-28,http://bbs.zol.com.cn/sjbbs/d544_p248.html#c,,2020-03-10 10:13:09
苹果iPhone 4,http://bbs.zol.com.cn//sjbbs/d544_14001.html,苹果iPhone 4电信苹果4写号机没有3G网？ 跪求大神！！！！！！！1,nokian8n800,2014-02-24,2,299,Starry sky_18,2015-07-28,http://bbs.zol.com.cn/sjbbs/d544_p248.html#c,,2020-03-10 10:13:09
,http://bbs.zol.com.cn//sjbbs/d544_78111.html,美版苹果6老死机黑屏，软件还打不开，无线网没了，电话打不出去...1,weixin_2q1nn,2015-07-12,3,514,fly_studio,2015-07-28,http://bbs.zol.com.cn/sjbbs/d544_p248.html#c,,2020-03-10 10:13:09
苹果iPhone 6,http://bbs.zol.com.cn//sjbbs/d544_78225.html,苹果iPhone 6买错了A1593plus。求帮忙大神！1,1566t158ba07793,2015-07-20,1,628,fly_studio,2015-07-28,http://bbs.zol.com.cn/sjbbs/d544_p248.html#c,,2020-03-10 10:13:09
苹果iPhone 4,http://bbs.zol.com.cn//sjbbs/d544_78351.html,苹果iPhone 4转载 香港全球技术论坛— ?苹果iOS将不可避免的被安...1,szshenyh,2015-07-27,2,276,ewnybc7ccb,2015-07-27,http://bbs.zol.com.cn/sjbbs/d544_p248.html#c,,2020-03-10 10:13:09
,http://bbs.zol.com.cn//sjbbs/d544_78345.html,求大神帮忙鉴别我的5C是不是翻新机1,qq_3974c2d50j19,2015-07-27,1,340,qq_3974c2d50j19,2015-07-27,http://bbs.zol.com.cn/sjbbs/d544_p248.html#c,,2020-03-10 10:13:09
苹果iPhone 5,http://bbs.zol.com.cn//sjbbs/d544_8164.html,苹果iPhone 5icloud攻略（二）-iCloud设置/iCloud备份/iCloud购...3,niqudahaya,2013-06-08,59,92018,yunbmrzhi,2015-07-26,http://bbs.zol.com.cn/sjbbs/d544_p248.html#c,,2020-03-10 10:13:09
苹果iPhone 5,http://bbs.zol.com.cn//sjbbs/d544_46583.html,苹果iPhone 5ip5在修改通讯录删名字时光标自动跳到下一行，咋回...2,lmywh,2015-01-17,27,443,yunbmrzhi,2015-07-26,http://bbs.zol.com.cn/sjbbs/d544_p248.html#c,,2020-03-10 10:13:09
苹果iPhone 5,http://bbs.zol.com.cn//sjbbs/d544_14801.html,苹果iPhone 5水深见底！求高手拍砖2,16062360liu,2014-07-17,34,821,yunbmrzhi,2015-07-26,http://bbs.zol.com.cn/sjbbs/d544_p248.html#c,,2020-03-10 10:13:09
苹果iPhone 5,http://bbs.zol.com.cn//sjbbs/d544_10018.html,苹果iPhone 5iPhone5和诺基亚925拍照样张对比7,mxtzol,2013-07-03,126,30577,yunbmrzhi,2015-07-26,http://bbs.zol.com.cn/sjbbs/d544_p248.html#c,,2020-03-10 10:13:09
苹果iPhone 5,http://bbs.zol.com.cn//sjbbs/d544_10468.html,苹果iPhone 5一张照片告诉你iPhone/3G/3GS/4/4S/5的拍照变化5,eaufoi4wuejo,2013-06-09,95,3037,yunbmrzhi,2015-07-26,http://bbs.zol.com.cn/sjbbs/d544_p248.html#c,,2020-03-10 10:13:09
苹果iPhone 5,http://bbs.zol.com.cn//sjbbs/d544_8246.html,苹果iPhone 5HTC One与iPhone 5的拍照效果大比拼[多图]3,rendong528,2013-03-07,49,32853,yunbmrzhi,2015-07-26,http://bbs.zol.com.cn/sjbbs/d544_p249.html#c,,2020-03-10 10:13:09
苹果iPhone 5,http://bbs.zol.com.cn//sjbbs/d544_7533.html,苹果iPhone 5魅族MX4 1799逼疯小米员工撕逼大战3,ganjiao3308,2014-09-18,54,10621,yunbmrzhi,2015-07-26,http://bbs.zol.com.cn/sjbbs/d544_p249.html#c,,2020-03-10 10:13:09
苹果iPhone 5,http://bbs.zol.com.cn//sjbbs/d544_47593.html,苹果iPhone 5苹果2月24日发布会？有哪些新品？2,du4enb,2015-01-20,25,261,yunbmrzhi,2015-07-26,http://bbs.zol.com.cn/sjbbs/d544_p249.html#c,,2020-03-10 10:13:09
苹果iPhone 5,http://bbs.zol.com.cn//sjbbs/d544_10708.html,苹果iPhone 5拍照新体验 当iPhone 5遇上微距镜头4,eaufoi4wuejo,2013-05-22,62,28870,yunbmrzhi,2015-07-26,http://bbs.zol.com.cn/sjbbs/d544_p249.html#c,,2020-03-10 10:13:09
苹果iPhone 5,http://bbs.zol.com.cn//sjbbs/d544_30200.html,苹果iPhone 5苹果5试拍  微距非常给力2,流年心飞,2014-10-21,38,888,yunbmrzhi,2015-07-26,http://bbs.zol.com.cn/sjbbs/d544_p249.html#c,,2020-03-10 10:13:09
苹果iPhone 5,http://bbs.zol.com.cn//sjbbs/d544_48034.html,苹果iPhone 5支付宝账单背后的辛酸2,baidu_138916z14,2015-01-21,34,534,yunbmrzhi,2015-07-26,http://bbs.zol.com.cn/sjbbs/d544_p249.html#c,,2020-03-10 10:13:09
苹果iPhone 5,http://bbs.zol.com.cn//sjbbs/d544_13492.html,苹果iPhone 5试试水深浅，尽管拍砖，鲜花献佛2,16062360liu,2014-07-14,35,1084,yunbmrzhi,2015-07-26,http://bbs.zol.com.cn/sjbbs/d544_p249.html#c,,2020-03-10 10:13:09
苹果iPhone 5,http://bbs.zol.com.cn//sjbbs/d544_8885.html,苹果iPhone 5我的苹果5序列号怎么查不到？3,jiang520huang,2013-07-07,51,7388,yunbmrzhi,2015-07-26,http://bbs.zol.com.cn/sjbbs/d544_p249.html#c,,2020-03-10 10:13:09
,http://bbs.zol.com.cn//sjbbs/d544_78343.html,5s和6性能一样么？1,qq_hvt9l,2015-07-26,1,326,s61lt43x45188c1,2015-07-26,http://bbs.zol.com.cn/sjbbs/d544_p249.html#c,,2020-03-10 10:13:09
,http://bbs.zol.com.cn//sjbbs/d544_78314.html,苹果六弯了1,qq_93lb42d71z11467,2015-07-24,3,273,s61lt43x45188c1,2015-07-26,http://bbs.zol.com.cn/sjbbs/d544_p249.html#c,,2020-03-10 10:13:09
苹果iPhone 4S,http://bbs.zol.com.cn//sjbbs/d544_9986.html,苹果iPhone 4S【iphone美化】可爱的蝴蝶充电电池图标20,beiwenting,2012-04-20,392,18846,qq_h4531182005922l,2015-07-26,http://bbs.zol.com.cn/sjbbs/d544_p249.html#c,,2020-03-10 10:13:09
苹果iPhone 5S,http://bbs.zol.com.cn//sjbbs/d544_78340.html,苹果iPhone 5S美版5s无法激活1,baidu_g49j74311,2015-07-26,3,815,baidu_g49j74311,2015-07-26,http://bbs.zol.com.cn/sjbbs/d544_p249.html#c,,2020-03-10 10:13:09
,http://bbs.zol.com.cn//sjbbs/d544_78331.html,Iphone,听风说梦。,2015-07-26,0,200,听风说梦。,2015-07-26,http://bbs.zol.com.cn/sjbbs/d544_p249.html#c,,2020-03-10 10:13:09
,http://bbs.zol.com.cn//sjbbs/d544_78328.html,兄弟姐妹们4s现在怎么样啊,qq_gy9it,2015-07-25,0,206,qq_gy9it,2015-07-25,http://bbs.zol.com.cn/sjbbs/d544_p249.html#c,,2020-03-10 10:13:09
苹果iPhone 5S,http://bbs.zol.com.cn//sjbbs/d544_78320.html,苹果iPhone 5S求大神解1,qq_khv96493q718,2015-07-25,2,122,9lc7501807,2015-07-25,http://bbs.zol.com.cn/sjbbs/d544_p249.html#c,,2020-03-10 10:13:09
,http://bbs.zol.com.cn//sjbbs/d544_78318.html,苹果有什么好的1,dtfswc,2015-07-25,1,307,s61lt43x45188c1,2015-07-25,http://bbs.zol.com.cn/sjbbs/d544_p249.html#c,,2020-03-10 10:13:09
苹果iPhone 6,http://bbs.zol.com.cn//sjbbs/d544_78306.html,苹果iPhone 6苹果iOS设备销量已经赶上Windows个人电脑1,anne961,2015-07-24,1,597,ptfweamv680,2015-07-25,http://bbs.zol.com.cn/sjbbs/d544_p249.html#c,,2020-03-10 10:13:09
,http://bbs.zol.com.cn//sjbbs/d544_78311.html,我可怜的ipone6啊！,qq_pup0n,2015-07-24,0,283,qq_pup0n,2015-07-24,http://bbs.zol.com.cn/sjbbs/d544_p249.html#c,,2020-03-10 10:13:09
苹果iPhone 5S,http://bbs.zol.com.cn//sjbbs/d544_78296.html,"苹果iPhone 5S5s出了那么久的，价钱还那么贵,你卖了，真是不值得...1",qq_9qxag,2015-07-24,2,555,qq_mi8xk,2015-07-24,http://bbs.zol.com.cn/sjbbs/d544_p249.html#c,,2020-03-10 10:13:09
,http://bbs.zol.com.cn//sjbbs/d544_78286.html,求大神回一个神级问题。^_^1,weixin_az413,2015-07-23,2,370,weixin_az413,2015-07-24,http://bbs.zol.com.cn/sjbbs/d544_p249.html#c,,2020-03-10 10:13:09
苹果iPhone 4S,http://bbs.zol.com.cn//sjbbs/d544_37135.html,苹果iPhone 4S联通网厅的买的 iPhone 4s 的内幕1,yiheng7011,2014-12-28,9,2146,shenkun66,2015-07-23,http://bbs.zol.com.cn/sjbbs/d544_p249.html#c,,2020-03-10 10:13:09
苹果iPhone 6,http://bbs.zol.com.cn//sjbbs/d544_78290.html,苹果iPhone 6iOS9对iOS8影响并不大 iOS8安装率上升至85%,anne961,2015-07-23,0,256,anne961,2015-07-23,http://bbs.zol.com.cn/sjbbs/d544_p249.html#c,,2020-03-10 10:13:09
苹果iPhone 6,http://bbs.zol.com.cn//sjbbs/d544_78289.html,苹果iPhone 6那一抹靓丽的红——iWALK苹果Lightning数据线使用轻...1,xm9mn8,2015-07-23,2,507,iwco657856,2015-07-23,http://bbs.zol.com.cn/sjbbs/d544_p249.html#c,,2020-03-10 10:13:09
苹果iPhone 5S,http://bbs.zol.com.cn//sjbbs/d544_68249.html,苹果iPhone 5S要不要升8？1,sina_omq54,2015-04-22,5,564,xyuanc,2015-07-23,http://bbs.zol.com.cn/sjbbs/d544_p249.html#c,,2020-03-10 10:13:09
苹果iPhone 6 ...,http://bbs.zol.com.cn//sjbbs/d544_78260.html,苹果iPhone 6 ...Apple Watch获最高满意度 前景不乐观1,anne961,2015-07-22,1,261,hpc8br,2015-07-23,http://bbs.zol.com.cn/sjbbs/d544_p249.html#c,,2020-03-10 10:13:09
苹果iPhone 6,http://bbs.zol.com.cn//sjbbs/d544_78255.html,苹果iPhone 6苹果有木有老年手机自带健康服务的呢？1,3ke491,2015-07-22,5,208,sixam5,2015-07-23,http://bbs.zol.com.cn/sjbbs/d544_p249.html#c,,2020-03-10 10:13:09
苹果iPhone 4S,http://bbs.zol.com.cn//sjbbs/d544_8180.html,苹果iPhone 4SiPhone手机美化篇--文件夹背景透明教程84,nihabigeak,2012-03-30,1667,125621,sina_63ld4d633g,2015-07-23,http://bbs.zol.com.cn/sjbbs/d544_p249.html#c,,2020-03-10 10:13:09
苹果iPhone 5S,http://bbs.zol.com.cn//sjbbs/d544_9434.html,苹果iPhone 5S【iPhone壁纸下载】巨肺小天后邓紫棋高清壁纸7,布鲁诺马里奥,2014-01-14,139,5887,marvinisfine,2015-07-23,http://bbs.zol.com.cn/sjbbs/d544_p249.html#c,,2020-03-10 10:13:09
,http://bbs.zol.com.cn//sjbbs/d544_78274.html,苹果6plus屏幕抖动,20jfbr,2015-07-23,0,614,20jfbr,2015-07-23,http://bbs.zol.com.cn/sjbbs/d544_p249.html#c,,2020-03-10 10:13:09
苹果iPhone 5,http://bbs.zol.com.cn//sjbbs/d544_8328.html,苹果iPhone 5苹果5 手机信号只有-90 怎么办？  有什么办法增强手...2,wd974316962,2013-08-28,31,7980,qq_133766m1160u,2015-07-23,http://bbs.zol.com.cn/sjbbs/d544_p249.html#c,,2020-03-10 10:13:09
苹果iPhone 4S,http://bbs.zol.com.cn//sjbbs/d544_8188.html,苹果iPhone 4S我的iphone4s怎么没有启用3G选项啊2,worinimachoubi,2012-01-15,23,48156,qq_y57ie41517ar,2015-07-22,http://bbs.zol.com.cn/sjbbs/d544_p250.html#c,,2020-03-10 10:13:10
苹果iPhone 6,http://bbs.zol.com.cn//sjbbs/d544_30279.html,苹果iPhone 6炫富贴！iPhone6和EW2440L晒开箱1,yiyiow,2014-10-22,13,128289,qq_61x157340q6n,2015-07-22,http://bbs.zol.com.cn/sjbbs/d544_p250.html#c,,2020-03-10 10:13:10
苹果iPhone 6,http://bbs.zol.com.cn//sjbbs/d544_76991.html,苹果iPhone 6请教大家我这个HTC的充电器能充IPhone6的电吗？1,sss22223,2015-05-23,6,499,s61lt43x45188c1,2015-07-22,http://bbs.zol.com.cn/sjbbs/d544_p250.html#c,,2020-03-10 10:13:10
苹果iPhone 5S,http://bbs.zol.com.cn//sjbbs/d544_78262.html,苹果iPhone 5SiPhone5S室内拍照效果展示1,qqkssc,2015-07-22,3,725,ad7wft,2015-07-22,http://bbs.zol.com.cn/sjbbs/d544_p250.html#c,,2020-03-10 10:13:10
苹果iPhone 6,http://bbs.zol.com.cn//sjbbs/d544_78265.html,苹果iPhone 6新iPod Touch拍照测试：效果仅次于iPhone 6,anne961,2015-07-22,0,616,anne961,2015-07-22,http://bbs.zol.com.cn/sjbbs/d544_p250.html#c,,2020-03-10 10:13:10
苹果iPhone 5S,http://bbs.zol.com.cn//sjbbs/d544_78261.html,苹果iPhone 5SiPhone5S室外拍照效果展示1,qqkssc,2015-07-22,1,529,p86t7bce29,2015-07-22,http://bbs.zol.com.cn/sjbbs/d544_p250.html#c,,2020-03-10 10:13:10
苹果iPhone 5S,http://bbs.zol.com.cn//sjbbs/d544_78259.html,苹果iPhone 5S你选择新iPod touch还是iPad mini3？,anne961,2015-07-22,0,162,anne961,2015-07-22,http://bbs.zol.com.cn/sjbbs/d544_p250.html#c,,2020-03-10 10:13:10
苹果iPhone 6,http://bbs.zol.com.cn//sjbbs/d544_78209.html,苹果iPhone 6各位帮帮忙，新买的果6通话声音小1,kp80n1,2015-07-19,3,332,s61lt43x45188c1,2015-07-22,http://bbs.zol.com.cn/sjbbs/d544_p250.html#c,,2020-03-10 10:13:10
苹果iPhone 4,http://bbs.zol.com.cn//sjbbs/d544_11503.html,苹果iPhone 4iphone4越狱全强贴：全面解析越狱及越狱前后的必备...4,jkhfkahsk,2011-05-19,61,44062,weixin_l4d0t,2015-07-22,http://bbs.zol.com.cn/sjbbs/d544_p250.html#c,,2020-03-10 10:13:10
苹果iPhone 5S,http://bbs.zol.com.cn//sjbbs/d544_78253.html,苹果iPhone 5S苹果彩绘丝印钢化膜1,兴趣所在,2015-07-22,3,350,weixin_l4d0t,2015-07-22,http://bbs.zol.com.cn/sjbbs/d544_p250.html#c,,2020-03-10 10:13:10
苹果iPhone 5S,http://bbs.zol.com.cn//sjbbs/d544_78254.html,苹果iPhone 5S突然屏幕出现很多线条，越来越密，还有其他1,qq_2287411b6304,2015-07-22,3,375,weixin_l4d0t,2015-07-22,http://bbs.zol.com.cn/sjbbs/d544_p250.html#c,,2020-03-10 10:13:10
,http://bbs.zol.com.cn//sjbbs/d544_78246.html,苹果接下来会出来什么,qq_w76ff,2015-07-22,0,260,qq_w76ff,2015-07-22,http://bbs.zol.com.cn/sjbbs/d544_p250.html#c,,2020-03-10 10:13:10
苹果iPhone 6,http://bbs.zol.com.cn//sjbbs/d544_78179.html,苹果iPhone 6果粉语音强大的智能老人机有木有？1,3vl7ca,2015-07-17,4,438,3ke491,2015-07-21,http://bbs.zol.com.cn/sjbbs/d544_p250.html#c,,2020-03-10 10:13:10
苹果iPhone 4S,http://bbs.zol.com.cn//sjbbs/d544_10540.html,苹果iPhone 4S【乌贼娘分享】【iphone主题】【高清海贼王】17,imyyhoho,2012-04-05,322,10852,lgch0i,2015-07-21,http://bbs.zol.com.cn/sjbbs/d544_p250.html#c,,2020-03-10 10:13:10
苹果iPhone 6 ...,http://bbs.zol.com.cn//sjbbs/d544_78227.html,苹果iPhone 6 ...iPhone6 plus的室外拍照效果展示1,qqkssc,2015-07-21,3,756,hpc8br,2015-07-21,http://bbs.zol.com.cn/sjbbs/d544_p250.html#c,,2020-03-10 10:13:10
,http://bbs.zol.com.cn//sjbbs/d544_78237.html,还有些挺漂亮的壁纸也一并发了,wx503386731,2015-07-21,0,48,wx503386731,2015-07-21,http://bbs.zol.com.cn/sjbbs/d544_p250.html#c,,2020-03-10 10:13:10
,http://bbs.zol.com.cn//sjbbs/d544_78236.html,还是创意类性的壁纸,wx503386731,2015-07-21,0,24,wx503386731,2015-07-21,http://bbs.zol.com.cn/sjbbs/d544_p250.html#c,,2020-03-10 10:13:10
,http://bbs.zol.com.cn//sjbbs/d544_78235.html,比较有创意的壁纸,wx503386731,2015-07-21,0,25,wx503386731,2015-07-21,http://bbs.zol.com.cn/sjbbs/d544_p250.html#c,,2020-03-10 10:13:10
苹果iPhone 5S,http://bbs.zol.com.cn//sjbbs/d544_78234.html,苹果iPhone 5S再发点另类的,wx503386731,2015-07-21,0,98,wx503386731,2015-07-21,http://bbs.zol.com.cn/sjbbs/d544_p250.html#c,,2020-03-10 10:13:10
苹果iPhone 5,http://bbs.zol.com.cn//sjbbs/d544_8242.html,苹果iPhone 5绿色、金色、粉色、蓝色iPhone你木有见过吧！！这难...6,akhdiuawdhk,2013-07-05,112,318942,s61lt43x45188c1,2015-07-21,http://bbs.zol.com.cn/sjbbs/d544_p250.html#c,,2020-03-10 10:13:10
苹果iPhone 6,http://bbs.zol.com.cn//sjbbs/d544_37029.html,苹果iPhone 6iPhone6 充电教程， 什么叫完全充电/完全放电110,41005d46h2h3155,2014-12-26,2192,122036,s61lt43x45188c1,2015-07-21,http://bbs.zol.com.cn/sjbbs/d544_p250.html#c,,2020-03-10 10:13:10
苹果iPhone 6 ...,http://bbs.zol.com.cn//sjbbs/d544_78199.html,苹果iPhone 6 ...【转贴赏析】海底世界风光1,消防兵,2015-07-18,6,948,D调沉默,2015-07-20,http://bbs.zol.com.cn/sjbbs/d544_p250.html#c,,2020-03-10 10:13:10
苹果iPhone 6 ...,http://bbs.zol.com.cn//sjbbs/d544_78198.html,苹果iPhone 6 ...【转贴赏析】杯弓蛇影1,消防兵,2015-07-18,4,962,D调沉默,2015-07-20,http://bbs.zol.com.cn/sjbbs/d544_p250.html#c,,2020-03-10 10:13:10
苹果iPhone 5S,http://bbs.zol.com.cn//sjbbs/d544_19801.html,苹果iPhone 5S5S出现翘屏怎么办？1,sy209312,2014-09-26,8,1716,arhzk7,2015-07-20,http://bbs.zol.com.cn/sjbbs/d544_p250.html#c,,2020-03-10 10:13:10
苹果iPhone 4S,http://bbs.zol.com.cn//sjbbs/d544_11168.html,苹果iPhone 4S恢复出厂设置为什么屏幕都不能下滑 点两下才可以进...5,jiuzuitingge,2012-04-26,87,1909,qq_113k47p58530,2015-07-20,http://bbs.zol.com.cn/sjbbs/d544_p250.html#c,,2020-03-10 10:13:10
苹果iPhone 6 ...,http://bbs.zol.com.cn//sjbbs/d544_78197.html,苹果iPhone 6 ...【转贴赏析】毕业致青春1,消防兵,2015-07-18,5,1544,puroqdsp15,2015-07-19,http://bbs.zol.com.cn/sjbbs/d544_p250.html#c,,2020-03-10 10:13:10
苹果iPhone 4,http://bbs.zol.com.cn//sjbbs/d544_16473.html,苹果iPhone 4为什么我的手机老是发烫？求大神破解！谢谢1,qiuxiaopeng0616,2013-11-15,3,470,qq_7m80234e38f9,2015-07-19,http://bbs.zol.com.cn/sjbbs/d544_p250.html#c,,2020-03-10 10:13:10
,http://bbs.zol.com.cn//sjbbs/d544_78203.html,欺人太甚！苹果弄丢我所有数据且弄坏手机拒不赔偿！大家帮我出出...1,rnz45n,2015-07-18,2,245,07359106f1,2015-07-18,http://bbs.zol.com.cn/sjbbs/d544_p250.html#c,,2020-03-10 10:13:10
,http://bbs.zol.com.cn//sjbbs/d544_78187.html,iPhone5能用电信卡吗1,sina_52174ek371,2015-07-17,2,476,qq_958511r79v62410,2015-07-18,http://bbs.zol.com.cn/sjbbs/d544_p250.html#c,,2020-03-10 10:13:10
,http://bbs.zol.com.cn//sjbbs/d544_78191.html,现在苹果专卖店5S有翻新机！,qq_04912a9331bb6ss,2015-07-18,0,355,qq_04912a9331bb6ss,2015-07-18,http://bbs.zol.com.cn/sjbbs/d544_p250.html#c,,2020-03-10 10:13:10
,http://bbs.zol.com.cn//sjbbs/d544_78190.html,苹果手机白屏恢复1,qq_61305u1o7736,2015-07-17,1,265,qq_61305u1o7736,2015-07-17,http://bbs.zol.com.cn/sjbbs/d544_p251.html#c,,2020-03-10 10:13:10
苹果iPhone 6 ...,http://bbs.zol.com.cn//sjbbs/d544_78189.html,苹果iPhone 6 ...谁知道Pius能不能设置某个微信,ab5ifz,2015-07-17,0,452,ab5ifz,2015-07-17,http://bbs.zol.com.cn/sjbbs/d544_p251.html#c,,2020-03-10 10:13:10
苹果iPhone 6 ...,http://bbs.zol.com.cn//sjbbs/d544_78185.html,苹果iPhone 6 ...iPod touch来一次飞跃 或将迎重大升级,anne961,2015-07-17,0,64,anne961,2015-07-17,http://bbs.zol.com.cn/sjbbs/d544_p251.html#c,,2020-03-10 10:13:10
苹果iPhone 6 ...,http://bbs.zol.com.cn//sjbbs/d544_78182.html,苹果iPhone 6 ...【使用技巧】iPhone6如何打开卡槽？1,hpc8br,2015-07-17,4,663,萧丹丹422,2015-07-17,http://bbs.zol.com.cn/sjbbs/d544_p251.html#c,,2020-03-10 10:13:10
苹果iPhone 6 ...,http://bbs.zol.com.cn//sjbbs/d544_63977.html,苹果iPhone 6 ...iphone6 plus行货拍照1,likaihnyj,2015-03-23,6,1657,hpc8br,2015-07-17,http://bbs.zol.com.cn/sjbbs/d544_p251.html#c,,2020-03-10 10:13:10
,http://bbs.zol.com.cn//sjbbs/d544_77853.html,苹果5支持3G吗1,baidu_613p076g4,2015-06-25,4,280,rmqkimm80,2015-07-17,http://bbs.zol.com.cn/sjbbs/d544_p251.html#c,,2020-03-10 10:13:10
苹果iPhone 5S,http://bbs.zol.com.cn//sjbbs/d544_7165.html,苹果iPhone 5S刚买iphone5s为何发热量那么大？烫手了都！1,jissicad,2014-07-24,20,4757,rmqkimm80,2015-07-17,http://bbs.zol.com.cn/sjbbs/d544_p251.html#c,,2020-03-10 10:13:10
,http://bbs.zol.com.cn//sjbbs/d544_77959.html,查找我的iPhone关不掉1,佐岸陽光_11,2015-06-30,3,471,weixin_pv4rk,2015-07-16,http://bbs.zol.com.cn/sjbbs/d544_p251.html#c,,2020-03-10 10:13:10
,http://bbs.zol.com.cn//sjbbs/d544_77939.html,有能修好手机的亲吗？1,o1s8dj,2015-06-29,13,528,weixin_pv4rk,2015-07-16,http://bbs.zol.com.cn/sjbbs/d544_p251.html#c,,2020-03-10 10:13:10
,http://bbs.zol.com.cn//sjbbs/d544_77988.html,5s丢了能找回来吗？刚买的，呜呜，1,qq_347m38pjr979,2015-07-02,1,454,weixin_pv4rk,2015-07-16,http://bbs.zol.com.cn/sjbbs/d544_p251.html#c,,2020-03-10 10:13:10
苹果iPhone 4S,http://bbs.zol.com.cn//sjbbs/d544_35164.html,苹果iPhone 4S苹果怎么设置铃声1,ocxj1a,2014-12-06,3,581,weixin_pv4rk,2015-07-16,http://bbs.zol.com.cn/sjbbs/d544_p251.html#c,,2020-03-10 10:13:10
苹果iPhone 5,http://bbs.zol.com.cn//sjbbs/d544_8699.html,苹果iPhone 5电信版iPhone5 可以通过升级支持移动4g吗7,moxin893054382,2013-12-29,138,12913,weixin_pv4rk,2015-07-16,http://bbs.zol.com.cn/sjbbs/d544_p251.html#c,,2020-03-10 10:13:10
苹果iPhone 4S,http://bbs.zol.com.cn//sjbbs/d544_56720.html,苹果iPhone 4S4S泡水1,1175962835qq,2015-02-24,10,548,weixin_pv4rk,2015-07-16,http://bbs.zol.com.cn/sjbbs/d544_p251.html#c,,2020-03-10 10:13:10
苹果iPhone 5S,http://bbs.zol.com.cn//sjbbs/d544_7754.html,苹果iPhone 5S港版5S电话打不进来~~~求救啊1,s202313ff1u1458,2014-09-22,5,2210,weixin_pv4rk,2015-07-16,http://bbs.zol.com.cn/sjbbs/d544_p251.html#c,,2020-03-10 10:13:10
苹果iPhone 5,http://bbs.zol.com.cn//sjbbs/d544_13900.html,苹果iPhone 5iPhone软件下载推荐--Puffin Web Browser v2.3.2 - ...8,jkhfkahsk,2012-10-19,145,1221,permanent007,2015-07-16,http://bbs.zol.com.cn/sjbbs/d544_p251.html#c,,2020-03-10 10:13:10
,http://bbs.zol.com.cn//sjbbs/d544_78114.html,谁帮我查查手机.朋友送的苹果51,40q92068510k0p6,2015-07-12,1,233,weixin_pv4rk,2015-07-16,http://bbs.zol.com.cn/sjbbs/d544_p251.html#c,,2020-03-10 10:13:10
,http://bbs.zol.com.cn//sjbbs/d544_78108.html,苹果手机6plus耳机铃声怎么能变成铃声1,qq_j2r96427c136,2015-07-11,2,554,weixin_pv4rk,2015-07-16,http://bbs.zol.com.cn/sjbbs/d544_p251.html#c,,2020-03-10 10:13:10
苹果iPhone 6,http://bbs.zol.com.cn//sjbbs/d544_78163.html,苹果iPhone 6二手苹果1,qq_x99i2f82t443f51,2015-07-15,1,425,weixin_pv4rk,2015-07-16,http://bbs.zol.com.cn/sjbbs/d544_p251.html#c,,2020-03-10 10:13:10
,http://bbs.zol.com.cn//sjbbs/d544_78167.html,求大神指教1,wudi11034,2015-07-16,1,195,weixin_pv4rk,2015-07-16,http://bbs.zol.com.cn/sjbbs/d544_p251.html#c,,2020-03-10 10:13:10
苹果iPhone 6 ...,http://bbs.zol.com.cn//sjbbs/d544_78131.html,苹果iPhone 6 ...plus更新到最新系统之后出现各种状况，求解答。1,qq_332686zn8213,2015-07-14,4,1072,weixin_pv4rk,2015-07-16,http://bbs.zol.com.cn/sjbbs/d544_p251.html#c,,2020-03-10 10:13:10
苹果iPhone 6 ...,http://bbs.zol.com.cn//sjbbs/d544_78176.html,苹果iPhone 6 ...【转贴赏析】捷克布拉格夕阳日落夜景1,消防兵,2015-07-16,3,728,ivw278,2015-07-16,http://bbs.zol.com.cn/sjbbs/d544_p251.html#c,,2020-03-10 10:13:10
苹果iPhone 6,http://bbs.zol.com.cn//sjbbs/d544_78178.html,苹果iPhone 6移动电源能力者  iWALK终结者T10开箱小评1,2feo3e,2015-07-16,1,547,d1byf86cab,2015-07-16,http://bbs.zol.com.cn/sjbbs/d544_p251.html#c,,2020-03-10 10:13:10
,http://bbs.zol.com.cn//sjbbs/d544_78177.html,iPhone5s电信运营商已经更新,qq_5448j0673129,2015-07-16,0,290,qq_5448j0673129,2015-07-16,http://bbs.zol.com.cn/sjbbs/d544_p251.html#c,,2020-03-10 10:13:10
苹果iPhone 6,http://bbs.zol.com.cn//sjbbs/d544_78118.html,苹果iPhone 6我新买的苹果6自带高德地图里起点位置显示北京朝阳...1,wuzeng820614,2015-07-13,3,1052,wuzeng820614,2015-07-16,http://bbs.zol.com.cn/sjbbs/d544_p251.html#c,,2020-03-10 10:13:10
苹果iPhone 6,http://bbs.zol.com.cn//sjbbs/d544_78173.html,苹果iPhone 6太阳能充电器2.5小时让iPhone满电1,anne961,2015-07-16,1,790,ad7wft,2015-07-16,http://bbs.zol.com.cn/sjbbs/d544_p251.html#c,,2020-03-10 10:13:10
苹果iPhone 6 ...,http://bbs.zol.com.cn//sjbbs/d544_78110.html,苹果iPhone 6 ...【转帖赏析】超级跑车兰博基尼【12P】1,消防兵,2015-07-12,8,1253,haaoweei,2015-07-16,http://bbs.zol.com.cn/sjbbs/d544_p251.html#c,,2020-03-10 10:13:10
苹果iPhone 6 ...,http://bbs.zol.com.cn//sjbbs/d544_78165.html,苹果iPhone 6 ...为什么iphone 6 Plus  音质那么差 求帮助1,qq_51332w154rh4,2015-07-15,5,865,qq_06j70cgm9321,2015-07-16,http://bbs.zol.com.cn/sjbbs/d544_p251.html#c,,2020-03-10 10:13:10
苹果iPhone 5S,http://bbs.zol.com.cn//sjbbs/d544_40825.html,苹果iPhone 5S微信和QQ发不了语音消息，求助1,qq_111074606s68,2015-01-08,1,108,ceexdd,2015-07-16,http://bbs.zol.com.cn/sjbbs/d544_p251.html#c,,2020-03-10 10:13:10
苹果iPhone 6 ...,http://bbs.zol.com.cn//sjbbs/d544_78172.html,苹果iPhone 6 ...美眉1,weixin_gnsub,2015-07-16,1,661,weixin_gnsub,2015-07-16,http://bbs.zol.com.cn/sjbbs/d544_p251.html#c,,2020-03-10 10:13:10
苹果iPhone 5S,http://bbs.zol.com.cn//sjbbs/d544_78171.html,苹果iPhone 5S美眉1,weixin_gnsub,2015-07-16,1,504,weixin_gnsub,2015-07-16,http://bbs.zol.com.cn/sjbbs/d544_p251.html#c,,2020-03-10 10:13:10
,http://bbs.zol.com.cn//sjbbs/d544_78150.html,iOS 9 public beta 升级教程1,jimmyein,2015-07-15,2,2342,何小俊,2015-07-16,http://bbs.zol.com.cn/sjbbs/d544_p252.html#c,,2020-03-10 10:13:10
苹果iPhone 6 ...,http://bbs.zol.com.cn//sjbbs/d544_78116.html,苹果iPhone 6 ...【转贴赏析】西藏雪域风景1,消防兵,2015-07-12,4,671,消防兵,2015-07-15,http://bbs.zol.com.cn/sjbbs/d544_p252.html#c,,2020-03-10 10:13:10
苹果iPhone 6 ...,http://bbs.zol.com.cn//sjbbs/d544_78115.html,苹果iPhone 6 ...【转贴赏析】清新油画美景1,消防兵,2015-07-12,7,550,消防兵,2015-07-15,http://bbs.zol.com.cn/sjbbs/d544_p252.html#c,,2020-03-10 10:13:10
苹果iPhone 4S,http://bbs.zol.com.cn//sjbbs/d544_78164.html,苹果iPhone 4S无线连上然后又掉线是什么情况1,lantanglin,2015-07-15,2,391,exzi8a18ef,2015-07-15,http://bbs.zol.com.cn/sjbbs/d544_p252.html#c,,2020-03-10 10:13:10
苹果iPhone 5S,http://bbs.zol.com.cn//sjbbs/d544_78162.html,苹果iPhone 5SiOS8.4明日来临 主打苹果音乐,anne961,2015-07-15,0,226,anne961,2015-07-15,http://bbs.zol.com.cn/sjbbs/d544_p252.html#c,,2020-03-10 10:13:10
苹果iPhone 6,http://bbs.zol.com.cn//sjbbs/d544_78161.html,苹果iPhone 6告别沉重  iWALK口袋宝移动电源使用初体验1,bmadje,2015-07-15,2,428,vwa574f4f1,2015-07-15,http://bbs.zol.com.cn/sjbbs/d544_p252.html#c,,2020-03-10 10:13:10
苹果iPhone 6 ...,http://bbs.zol.com.cn//sjbbs/d544_78152.html,苹果iPhone 6 ...(手机技巧）你家iphone的可用空间都被谁吃了？1,hpc8br,2015-07-15,3,785,pbwzgfe62,2015-07-15,http://bbs.zol.com.cn/sjbbs/d544_p252.html#c,,2020-03-10 10:13:10
,http://bbs.zol.com.cn//sjbbs/d544_78147.html,加拿大密西沙加市的恬静黄昏。1,nandingshushu,2015-07-15,3,359,pbwzgfe62,2015-07-15,http://bbs.zol.com.cn/sjbbs/d544_p252.html#c,,2020-03-10 10:13:10
,http://bbs.zol.com.cn//sjbbs/d544_78160.html,iPhone6全屏防窥钢化玻璃膜1,兴趣所在,2015-07-15,2,298,m9at743974,2015-07-15,http://bbs.zol.com.cn/sjbbs/d544_p252.html#c,,2020-03-10 10:13:10
苹果iPhone 6 ...,http://bbs.zol.com.cn//sjbbs/d544_78159.html,苹果iPhone 6 ...iOS9开启全民公测模式 系统BUG频出,anne961,2015-07-15,0,71,anne961,2015-07-15,http://bbs.zol.com.cn/sjbbs/d544_p252.html#c,,2020-03-10 10:13:10
苹果iPhone 6,http://bbs.zol.com.cn//sjbbs/d544_78158.html,苹果iPhone 6以前从来不用苹果 抱着试试的态度 喜欢上了他1,zwjk21,2015-07-15,1,379,wg8o61ebe7,2015-07-15,http://bbs.zol.com.cn/sjbbs/d544_p252.html#c,,2020-03-10 10:13:10
,http://bbs.zol.com.cn//sjbbs/d544_78142.html,plus在电池用量下面出现了这个1,sina_fgfix,2015-07-15,2,300,ad7wft,2015-07-15,http://bbs.zol.com.cn/sjbbs/d544_p252.html#c,,2020-03-10 10:13:10
,http://bbs.zol.com.cn//sjbbs/d544_12449.html,电信版5s能用4G卡吗，或者能用移动四G卡吗1,xujing0632,2014-03-10,1,925,qq_yi66059f31i3,2015-07-15,http://bbs.zol.com.cn/sjbbs/d544_p252.html#c,,2020-03-10 10:13:10
苹果iPhone 4,http://bbs.zol.com.cn//sjbbs/d544_44224.html,苹果iPhone 4【免费送】最新十万本小说大放送2,a380916303,2012-05-16,26,255,xdwfceos10,2015-07-14,http://bbs.zol.com.cn/sjbbs/d544_p252.html#c,,2020-03-10 10:13:10
苹果iPhone 6 ...,http://bbs.zol.com.cn//sjbbs/d544_78137.html,苹果iPhone 6 ...教你避免iPhone每次连接电脑自动打开iTunes1,hpc8br,2015-07-14,2,595,gljgual91,2015-07-14,http://bbs.zol.com.cn/sjbbs/d544_p252.html#c,,2020-03-10 10:13:10
苹果iPhone 6,http://bbs.zol.com.cn//sjbbs/d544_78016.html,苹果iPhone 6现在连移动电源界都开始拼颜值了吗？23331,xm9mn8,2015-07-03,3,680,2feo3e,2015-07-14,http://bbs.zol.com.cn/sjbbs/d544_p252.html#c,,2020-03-10 10:13:10
,http://bbs.zol.com.cn//sjbbs/d544_78075.html,小而不凡，送礼诚品——iWALK爱沃可口袋宝移动电源开箱小记1,bmadje,2015-07-08,3,360,2feo3e,2015-07-14,http://bbs.zol.com.cn/sjbbs/d544_p252.html#c,,2020-03-10 10:13:10
,http://bbs.zol.com.cn//sjbbs/d544_78132.html,苹果手机专属福利，躺着赚钱！1,hhyhhy20110110,2015-07-14,2,293,不忘初心_135,2015-07-14,http://bbs.zol.com.cn/sjbbs/d544_p252.html#c,,2020-03-10 10:13:10
,http://bbs.zol.com.cn//sjbbs/d544_78129.html,ios8.4,qq_dq229h4145144d4,2015-07-13,0,384,qq_dq229h4145144d4,2015-07-13,http://bbs.zol.com.cn/sjbbs/d544_p252.html#c,,2020-03-10 10:13:10
苹果iPhone 6,http://bbs.zol.com.cn//sjbbs/d544_7986.html,苹果iPhone 6iPhone 6六月推出，细节盘点抢先看下吧42,makjdlahfa,2014-01-27,838,166742,走走道儿疯了、,2015-07-13,http://bbs.zol.com.cn/sjbbs/d544_p252.html#c,,2020-03-10 10:13:10
苹果iPhone 6,http://bbs.zol.com.cn//sjbbs/d544_78126.html,苹果iPhone 6iOS9 beta3耗电吗？用户共享续航体验,anne961,2015-07-13,0,474,anne961,2015-07-13,http://bbs.zol.com.cn/sjbbs/d544_p252.html#c,,2020-03-10 10:13:10
苹果iPhone 5S,http://bbs.zol.com.cn//sjbbs/d544_77757.html,苹果iPhone 5S想买条5s1,qq_064089431065,2015-06-18,2,206,qq_683g767z30g1,2015-07-13,http://bbs.zol.com.cn/sjbbs/d544_p252.html#c,,2020-03-10 10:13:10
苹果iPhone 6 ...,http://bbs.zol.com.cn//sjbbs/d544_78124.html,苹果iPhone 6 ...请问有没有人的plus的健康数据在激活前就有啊1,sina_f759622p84,2015-07-13,2,533,dkybdc540f,2015-07-13,http://bbs.zol.com.cn/sjbbs/d544_p252.html#c,,2020-03-10 10:13:10
,http://bbs.zol.com.cn//sjbbs/d544_78120.html,"     苹果4s",46h8e1,2015-07-13,0,341,46h8e1,2015-07-13,http://bbs.zol.com.cn/sjbbs/d544_p252.html#c,,2020-03-10 10:13:10
苹果iPhone 6,http://bbs.zol.com.cn//sjbbs/d544_67801.html,苹果iPhone 6我的苹果6手机在一次都没有用过，只是被人在下软件...1,qq_9758l556qj43102,2015-04-21,7,900,qq_958511r79v62410,2015-07-12,http://bbs.zol.com.cn/sjbbs/d544_p252.html#c,,2020-03-10 10:13:10
苹果iPhone 6 ...,http://bbs.zol.com.cn//sjbbs/d544_77780.html,苹果iPhone 6 ...哈哈 时尚手机·准备入手了苹果系列iPhone 6必...1,r2agaz,2015-06-19,10,3109,：）海浪（：_10,2015-07-12,http://bbs.zol.com.cn/sjbbs/d544_p252.html#c,,2020-03-10 10:13:10
,http://bbs.zol.com.cn//sjbbs/d544_78112.html,LG数码店,weixin_b4xpm,2015-07-12,0,324,weixin_b4xpm,2015-07-12,http://bbs.zol.com.cn/sjbbs/d544_p252.html#c,,2020-03-10 10:13:10
苹果iPhone 6 ...,http://bbs.zol.com.cn//sjbbs/d544_78088.html,苹果iPhone 6 ...如何使用离线模式召回苹果手机1,516200970,2015-07-10,3,642,wangyujidi,2015-07-12,http://bbs.zol.com.cn/sjbbs/d544_p252.html#c,,2020-03-10 10:13:10
苹果iPhone 6,http://bbs.zol.com.cn//sjbbs/d544_78005.html,苹果iPhone 6iphone 6入手几天 总体觉得不错 值得拥有的一部手机1,qq_m54e50a71323,2015-07-02,4,1492,qq_42y05x31r922734,2015-07-12,http://bbs.zol.com.cn/sjbbs/d544_p252.html#c,,2020-03-10 10:13:10
苹果iPhone 6,http://bbs.zol.com.cn//sjbbs/d544_32268.html,苹果iPhone 6我的苹果6 点免提后 就没声音了1,qq_2f02c051a917,2014-11-09,8,4733,qq_42y05x31r922734,2015-07-11,http://bbs.zol.com.cn/sjbbs/d544_p252.html#c,,2020-03-10 10:13:10
,http://bbs.zol.com.cn//sjbbs/d544_78107.html,手机电池发热,9ed55t,2015-07-11,0,373,9ed55t,2015-07-11,http://bbs.zol.com.cn/sjbbs/d544_p253.html#c,,2020-03-10 10:13:11
苹果iPhone 6,http://bbs.zol.com.cn//sjbbs/d544_78045.html,苹果iPhone 6逼死山寨厂商 iPhone6在香港获四项设计专利1,anne961,2015-07-06,1,702,1b8o5j,2015-07-11,http://bbs.zol.com.cn/sjbbs/d544_p253.html#c,,2020-03-10 10:13:11
苹果iPhone 6,http://bbs.zol.com.cn//sjbbs/d544_78084.html,苹果iPhone 6本人想入手一部2手苹果手机。1,qq_6yamk,2015-07-10,1,477,1b8o5j,2015-07-11,http://bbs.zol.com.cn/sjbbs/d544_p253.html#c,,2020-03-10 10:13:11
,http://bbs.zol.com.cn//sjbbs/d544_78100.html,iPhone6内置接收器最高支持多少5G频段？1,KIS_2012,2015-07-11,3,1150,萧丹丹422,2015-07-11,http://bbs.zol.com.cn/sjbbs/d544_p253.html#c,,2020-03-10 10:13:11
,http://bbs.zol.com.cn//sjbbs/d544_78072.html,用 iPhone 的人看中了 iPhone 的什么？1,rgd6qy,2015-07-08,3,409,1b8o5j,2015-07-11,http://bbs.zol.com.cn/sjbbs/d544_p253.html#c,,2020-03-10 10:13:11
,http://bbs.zol.com.cn//sjbbs/d544_78104.html,低价出售,来咯gg啦啦,2015-07-11,0,372,来咯gg啦啦,2015-07-11,http://bbs.zol.com.cn/sjbbs/d544_p253.html#c,,2020-03-10 10:13:11
,http://bbs.zol.com.cn//sjbbs/d544_78071.html,iPhone 6 和 iPhone 6 Plus 的定位有何区别？1,rgd6qy,2015-07-08,1,414,1b8o5j,2015-07-11,http://bbs.zol.com.cn/sjbbs/d544_p253.html#c,,2020-03-10 10:13:11
苹果iPhone 6,http://bbs.zol.com.cn//sjbbs/d544_78096.html,苹果iPhone 6iPhone6s将有4种颜色！9月18号上市1,rm8vim,2015-07-10,2,1268,1b8o5j,2015-07-11,http://bbs.zol.com.cn/sjbbs/d544_p253.html#c,,2020-03-10 10:13:11
苹果iPhone 6,http://bbs.zol.com.cn//sjbbs/d544_77713.html,苹果iPhone 66和5S的性能急反应相差大嘛1,weixin_yamy0,2015-06-16,2,711,1b8o5j,2015-07-11,http://bbs.zol.com.cn/sjbbs/d544_p253.html#c,,2020-03-10 10:13:11
苹果iPhone 6,http://bbs.zol.com.cn//sjbbs/d544_77561.html,苹果iPhone 6IPHONE6 随拍1,zazaza00za,2015-06-08,3,445,qq_c37fy,2015-07-11,http://bbs.zol.com.cn/sjbbs/d544_p253.html#c,,2020-03-10 10:13:11
苹果iPhone 6,http://bbs.zol.com.cn//sjbbs/d544_62837.html,苹果iPhone 6iPhone6裸机 不敢了2,cupidcat,2015-03-20,35,3427,qq_c37fy,2015-07-11,http://bbs.zol.com.cn/sjbbs/d544_p253.html#c,,2020-03-10 10:13:11
,http://bbs.zol.com.cn//sjbbs/d544_78098.html,国行6p尸体……带盒子出售1,qq_137t34576kia,2015-07-10,1,304,qq_277435r3tz51,2015-07-11,http://bbs.zol.com.cn/sjbbs/d544_p253.html#c,,2020-03-10 10:13:11
苹果iPhone 6,http://bbs.zol.com.cn//sjbbs/d544_78093.html,苹果iPhone 6iPhone6 Plus无法升级iOS9 beta3怎么办1,anne961,2015-07-10,1,421,bcnsenh98,2015-07-10,http://bbs.zol.com.cn/sjbbs/d544_p253.html#c,,2020-03-10 10:13:11
,http://bbs.zol.com.cn//sjbbs/d544_78095.html,苹果手表昙花一现 消费者视之为鸡肋！1,qq_t4c119lu2180,2015-07-10,3,422,axzrlkac684,2015-07-10,http://bbs.zol.com.cn/sjbbs/d544_p253.html#c,,2020-03-10 10:13:11
,http://bbs.zol.com.cn//sjbbs/d544_16163.html,提供广西全区南宁等地cdma电信iphone写号烧号服务。1,q1930815777,2012-04-20,3,589,qq_74t436051430,2015-07-10,http://bbs.zol.com.cn/sjbbs/d544_p253.html#c,,2020-03-10 10:13:11
苹果iPhone 5S,http://bbs.zol.com.cn//sjbbs/d544_78082.html,苹果iPhone 5S在2015年的现在，苹果5s还好用吗？1,qq_4gcpz,2015-07-09,3,946,qq_4gcpz,2015-07-10,http://bbs.zol.com.cn/sjbbs/d544_p253.html#c,,2020-03-10 10:13:11
,http://bbs.zol.com.cn//sjbbs/d544_78083.html,苹果手机专属福利，安卓机绕道！1,qq_x4yn4885s218,2015-07-10,3,340,ugxhfjns60,2015-07-10,http://bbs.zol.com.cn/sjbbs/d544_p253.html#c,,2020-03-10 10:13:11
,http://bbs.zol.com.cn//sjbbs/d544_78085.html,系统更新之后以前删除的照片为什么又出现了,sina_vk2286y489,2015-07-10,0,58,sina_vk2286y489,2015-07-10,http://bbs.zol.com.cn/sjbbs/d544_p253.html#c,,2020-03-10 10:13:11
苹果iPhone 4S,http://bbs.zol.com.cn//sjbbs/d544_28845.html,苹果iPhone 4S无线路由移动电源1,chicong,2013-03-05,11,494,sina_n61tg99840,2015-07-09,http://bbs.zol.com.cn/sjbbs/d544_p253.html#c,,2020-03-10 10:13:11
苹果iPhone 6 ...,http://bbs.zol.com.cn//sjbbs/d544_78079.html,苹果iPhone 6 ...iPhone电源键坏了怎么开机和关机？1,hpc8br,2015-07-09,2,2155,eplmctr946,2015-07-09,http://bbs.zol.com.cn/sjbbs/d544_p253.html#c,,2020-03-10 10:13:11
,http://bbs.zol.com.cn//sjbbs/d544_12204.html,中国版的“tinder”真的能火吗？我不太相信，请大家指教。。。1,gushiwang1991,2014-06-05,1,1669,9slh0i,2015-07-09,http://bbs.zol.com.cn/sjbbs/d544_p253.html#c,,2020-03-10 10:13:11
苹果iPhone 5S,http://bbs.zol.com.cn//sjbbs/d544_10755.html,苹果iPhone 5S大师级苹果维修师经验之谈1,2er2,2014-06-04,5,782,qq_63x38446138u,2015-07-09,http://bbs.zol.com.cn/sjbbs/d544_p253.html#c,,2020-03-10 10:13:11
苹果iPhone 6 ...,http://bbs.zol.com.cn//sjbbs/d544_78080.html,苹果iPhone 6 ...苹果调整App Store售价 多地上涨中国未受影响,anne961,2015-07-09,0,189,anne961,2015-07-09,http://bbs.zol.com.cn/sjbbs/d544_p253.html#c,,2020-03-10 10:13:11
苹果iPhone 6 ...,http://bbs.zol.com.cn//sjbbs/d544_78074.html,苹果iPhone 6 ...初中生想用苹果手机 买不起只能抢1,anne961,2015-07-08,3,915,hpc8br,2015-07-09,http://bbs.zol.com.cn/sjbbs/d544_p253.html#c,,2020-03-10 10:13:11
苹果iPhone 4S,http://bbs.zol.com.cn//sjbbs/d544_28346.html,苹果iPhone 4S最近偶得一神器，iphone，ipad等不用上网也能在线...2,kuluo0307,2013-05-16,30,1856,kuluo0307,2015-07-09,http://bbs.zol.com.cn/sjbbs/d544_p253.html#c,,2020-03-10 10:13:11
苹果iPhone 6 ...,http://bbs.zol.com.cn//sjbbs/d544_77964.html,苹果iPhone 6 ...清晨淡淡的薄雾1,zlaofuzi,2015-06-30,9,1090,zlaofuzi,2015-07-08,http://bbs.zol.com.cn/sjbbs/d544_p253.html#c,,2020-03-10 10:13:11
苹果iPhone 6,http://bbs.zol.com.cn//sjbbs/d544_77945.html,苹果iPhone 6苹果新专利曝光：可能用在iPhone7上面1,sina_oo4530b315,2015-06-29,14,3815,sina_oo4530b315,2015-07-08,http://bbs.zol.com.cn/sjbbs/d544_p253.html#c,,2020-03-10 10:13:11
苹果iPhone 6 ...,http://bbs.zol.com.cn//sjbbs/d544_78070.html,苹果iPhone 6 ...iPhone太耗流量怎么办？1,hpc8br,2015-07-08,2,675,45bz55124a,2015-07-08,http://bbs.zol.com.cn/sjbbs/d544_p253.html#c,,2020-03-10 10:13:11
苹果iPhone 6 ...,http://bbs.zol.com.cn//sjbbs/d544_78069.html,苹果iPhone 6 ...iPhone6s设计图纸曝光，iPhone6s变厚了1,anne961,2015-07-08,1,1129,3qmc43d5e0,2015-07-08,http://bbs.zol.com.cn/sjbbs/d544_p253.html#c,,2020-03-10 10:13:11
,http://bbs.zol.com.cn//sjbbs/d544_78068.html,朋友打电话过来，电话图标没有显示未接电话,qq_kbxrs,2015-07-08,0,269,qq_kbxrs,2015-07-08,http://bbs.zol.com.cn/sjbbs/d544_p253.html#c,,2020-03-10 10:13:11
苹果iPhone 6,http://bbs.zol.com.cn//sjbbs/d544_78067.html,苹果iPhone 6家庭共享功能将会在iOS 9中重新开启,anne961,2015-07-08,0,288,anne961,2015-07-08,http://bbs.zol.com.cn/sjbbs/d544_p254.html#c,,2020-03-10 10:13:11
苹果iPhone 5S,http://bbs.zol.com.cn//sjbbs/d544_78033.html,苹果iPhone 5S苹果5s的开机密码1,r5qr7g,2015-07-04,1,583,dvixf26205,2015-07-07,http://bbs.zol.com.cn/sjbbs/d544_p254.html#c,,2020-03-10 10:13:11
苹果iPhone 6,http://bbs.zol.com.cn//sjbbs/d544_78010.html,苹果iPhone 6手机1,qq_s75137b94y86,2015-07-03,1,327,6jqbcb1547,2015-07-07,http://bbs.zol.com.cn/sjbbs/d544_p254.html#c,,2020-03-10 10:13:11
苹果iPhone 6,http://bbs.zol.com.cn//sjbbs/d544_78058.html,苹果iPhone 6iOS8小技巧 三击Home键调屏幕亮度,anne961,2015-07-07,0,817,anne961,2015-07-07,http://bbs.zol.com.cn/sjbbs/d544_p254.html#c,,2020-03-10 10:13:11
,http://bbs.zol.com.cn//sjbbs/d544_78041.html,求5代苹果，真心想买，1,baidu_tfq1b,2015-07-05,3,396,qq_7ellr,2015-07-06,http://bbs.zol.com.cn/sjbbs/d544_p254.html#c,,2020-03-10 10:13:11
苹果iPhone 6 ...,http://bbs.zol.com.cn//sjbbs/d544_77773.html,苹果iPhone 6 ...那些年我们追过的苹果新品 WWDC十年大回顾1,anne961,2015-06-19,1,308,hpc8br,2015-07-06,http://bbs.zol.com.cn/sjbbs/d544_p254.html#c,,2020-03-10 10:13:11
苹果iPhone 6,http://bbs.zol.com.cn//sjbbs/d544_10757.html,苹果iPhone 6iPhone 6尚未发布 三星已经削减25%订单1,udidhakl,2014-06-10,3,1046,29ckld,2015-07-06,http://bbs.zol.com.cn/sjbbs/d544_p254.html#c,,2020-03-10 10:13:11
,http://bbs.zol.com.cn//sjbbs/d544_78039.html,刷机,weixin_ssg3n,2015-07-05,0,330,weixin_ssg3n,2015-07-05,http://bbs.zol.com.cn/sjbbs/d544_p254.html#c,,2020-03-10 10:13:11
苹果iPhone 4S,http://bbs.zol.com.cn//sjbbs/d544_17618.html,苹果iPhone 4S【乌贼娘分享】【iphone主题】【淡雅玫瑰花】5,imyyhoho,2012-04-01,91,1996,qq_4602c62138j9,2015-07-05,http://bbs.zol.com.cn/sjbbs/d544_p254.html#c,,2020-03-10 10:13:11
苹果iPhone 5S,http://bbs.zol.com.cn//sjbbs/d544_7046.html,苹果iPhone 5Siphone如何替换QQ的经典提示音(教程)1,a280019930,2014-08-02,17,4702,李大卫先生,2015-07-05,http://bbs.zol.com.cn/sjbbs/d544_p254.html#c,,2020-03-10 10:13:11
,http://bbs.zol.com.cn//sjbbs/d544_78037.html,苹果4s打不出去电话怎么回事,qq_68i962300s96,2015-07-05,0,323,qq_68i962300s96,2015-07-05,http://bbs.zol.com.cn/sjbbs/d544_p254.html#c,,2020-03-10 10:13:11
苹果iPhone 5S,http://bbs.zol.com.cn//sjbbs/d544_78030.html,苹果iPhone 5S内屏坏了修一下要多少钱？1,zxc5454asd,2015-07-04,1,482,tjm81c,2015-07-05,http://bbs.zol.com.cn/sjbbs/d544_p254.html#c,,2020-03-10 10:13:11
苹果iPhone 6,http://bbs.zol.com.cn//sjbbs/d544_31624.html,苹果iPhone 6iphone6和iPhone6 Plus的区别3,zmbyby,2014-11-01,42,5618,三十六季_11,2015-07-05,http://bbs.zol.com.cn/sjbbs/d544_p254.html#c,,2020-03-10 10:13:11
,http://bbs.zol.com.cn//sjbbs/d544_78036.html,苹果手机,qq_2372e51i42hpm72,2015-07-04,0,319,qq_2372e51i42hpm72,2015-07-04,http://bbs.zol.com.cn/sjbbs/d544_p254.html#c,,2020-03-10 10:13:11
,http://bbs.zol.com.cn//sjbbs/d544_77920.html,iphone 7出来了吗，到处都在传1,baidu_613p076g4,2015-06-28,3,280,qq_8pom7,2015-07-04,http://bbs.zol.com.cn/sjbbs/d544_p254.html#c,,2020-03-10 10:13:11
苹果iPhone 6,http://bbs.zol.com.cn//sjbbs/d544_78031.html,苹果iPhone 6苹果6关闭屏锁后，好友发来的信息没有声音提示，开...,qq_h2hb6,2015-07-04,0,531,qq_h2hb6,2015-07-04,http://bbs.zol.com.cn/sjbbs/d544_p254.html#c,,2020-03-10 10:13:11
苹果iPhone 5,http://bbs.zol.com.cn//sjbbs/d544_8234.html,苹果iPhone 5苹果 iPhone 3GS升了ios7后感受若干，供参考2,jieling115,2013-06-18,24,25491,Think Pad,2015-07-04,http://bbs.zol.com.cn/sjbbs/d544_p254.html#c,,2020-03-10 10:13:11
苹果iPhone 6,http://bbs.zol.com.cn//sjbbs/d544_78029.html,苹果iPhone 6iPhone 6s或提前生产:零部件开始交付OEM,rm8vim,2015-07-04,0,264,rm8vim,2015-07-04,http://bbs.zol.com.cn/sjbbs/d544_p254.html#c,,2020-03-10 10:13:11
,http://bbs.zol.com.cn//sjbbs/d544_78027.html,苹果,qq_c9d17,2015-07-04,0,191,qq_c9d17,2015-07-04,http://bbs.zol.com.cn/sjbbs/d544_p254.html#c,,2020-03-10 10:13:11
苹果iPhone 4,http://bbs.zol.com.cn//sjbbs/d544_77756.html,苹果iPhone 49成新苹果4出售1000    意联系QQ29056541951,qq_i22361z1o642,2015-06-18,3,104,我待我归_10,2015-07-04,http://bbs.zol.com.cn/sjbbs/d544_p254.html#c,,2020-03-10 10:13:11
苹果iPhone 5S,http://bbs.zol.com.cn//sjbbs/d544_9469.html,苹果iPhone 5SWIFI 无线路由器密码  一键破解无线WIFI密码  中文...1,aa849420164,2014-06-07,3,5205,qq_04416g202f31,2015-07-03,http://bbs.zol.com.cn/sjbbs/d544_p254.html#c,,2020-03-10 10:13:11
苹果iPhone 5S,http://bbs.zol.com.cn//sjbbs/d544_74248.html,苹果iPhone 5S《5s  转让》1,qq_78q9wr404312,2015-04-29,7,251,qq_jn18j,2015-07-03,http://bbs.zol.com.cn/sjbbs/d544_p254.html#c,,2020-03-10 10:13:11
苹果iPhone 5,http://bbs.zol.com.cn//sjbbs/d544_78006.html,苹果iPhone 5急急急1,qq_1s35184c819j,2015-07-02,1,363,weixin_2uigu,2015-07-03,http://bbs.zol.com.cn/sjbbs/d544_p254.html#c,,2020-03-10 10:13:11
苹果iPhone 6 ...,http://bbs.zol.com.cn//sjbbs/d544_77986.html,苹果iPhone 6 ...肾6适合老年人使用吗？1,xh48uj,2015-07-01,8,656,jiadezi4,2015-07-02,http://bbs.zol.com.cn/sjbbs/d544_p254.html#c,,2020-03-10 10:13:11
,http://bbs.zol.com.cn//sjbbs/d544_77790.html,iphone6plus。16g 够用的吗1,qq_who93,2015-06-20,4,221,是馥郁芬芳机会,2015-07-02,http://bbs.zol.com.cn/sjbbs/d544_p254.html#c,,2020-03-10 10:13:11
苹果iPhone 6,http://bbs.zol.com.cn//sjbbs/d544_77733.html,苹果iPhone 6肾6不哭，袖珍小美人为你护航——直插式移动电源iWA...1,2feo3e,2015-06-17,4,616,uh0whj,2015-07-02,http://bbs.zol.com.cn/sjbbs/d544_p254.html#c,,2020-03-10 10:13:11
苹果iPhone 6,http://bbs.zol.com.cn//sjbbs/d544_77996.html,苹果iPhone 6调查显示iPhone6S销量依然会再创新高,anne961,2015-07-02,0,536,anne961,2015-07-02,http://bbs.zol.com.cn/sjbbs/d544_p254.html#c,,2020-03-10 10:13:11
苹果iPhone 6,http://bbs.zol.com.cn//sjbbs/d544_77995.html,苹果iPhone 6手机操作系统哪个好？全球5大智能手机系统对比,sina_oo4530b315,2015-07-02,0,609,sina_oo4530b315,2015-07-02,http://bbs.zol.com.cn/sjbbs/d544_p254.html#c,,2020-03-10 10:13:11
苹果iPhone 6 ...,http://bbs.zol.com.cn//sjbbs/d544_32725.html,苹果iPhone 6 ...双11的6plus到手。。真的很大啊。比5.5寸三星大...2,wsyyangjie,2014-11-15,38,159630,hpc8br,2015-07-02,http://bbs.zol.com.cn/sjbbs/d544_p254.html#c,,2020-03-10 10:13:11
,http://bbs.zol.com.cn//sjbbs/d544_77984.html,自带线就是那么方便——iWALK终结者移动电源使用微体验1,bmadje,2015-07-01,2,411,y3csk5,2015-07-02,http://bbs.zol.com.cn/sjbbs/d544_p254.html#c,,2020-03-10 10:13:11
